Bump ASF-WebConfigGenerator from `0a59aa9` to `0bd4d8c`,2020-01-13,Merged,1592,1,1,,1
Bump wiki from `cea3221` to `5720fe9`,2020-01-13,Merged,1591,1,1,,1
Bump ASF-ui from `a874cd2` to `18f9021`,2020-01-13,Merged,1590,1,1,,1
Bump ASF-ui from `e4d03f7` to `a874cd2`,2020-01-10,Merged,1588,1,1,,1
Bump ASF-WebConfigGenerator from `01a1976` to `0a59aa9`,2020-01-09,Merged,1587,1,1,,1
Bump ASF-ui from `e158d4b` to `e4d03f7`,2020-01-09,Merged,1586,1,1,,1
Bump wiki from `3207e43` to `cea3221`,2020-01-08,Merged,1585,1,1,,1
Bump ASF-ui from `e89fb0f` to `e158d4b`,2020-01-08,Merged,1584,1,1,,1
Bump ASF-ui from `967161b` to `e89fb0f`,2020-01-06,Merged,1582,1,1,,1
Bump ASF-WebConfigGenerator from `ec6699f` to `01a1976`,2020-01-08,Merged,1581,1,1,,1
Bump ASF-ui from `0cf7e72` to `967161b`,2019-12-31,Merged,1579,1,1,,1
Bump ASF-WebConfigGenerator from `a9c5733` to `3876bcc`,2019-12-27,Merged,1577,1,1,,1
Bump wiki from `cbe33ff` to `30da89f`,2019-12-27,Merged,1576,1,1,,1
Bump ASF-WebConfigGenerator from `4f97297` to `a9c5733`,2019-12-26,Merged,1575,1,1,,1
Bump wiki from `4813254` to `20adc6b`,2019-12-25,Merged,1572,1,1,,1
Bump ASF-ui from `f83ce34` to `5b0e024`,2019-12-25,Merged,1571,1,1,,1
Bump ASF-WebConfigGenerator from `55aa7b6` to `4f97297`,2019-12-25,Merged,1570,1,1,,1
Bump wiki from `feb29d9` to `4813254`,2019-12-23,Merged,1566,1,1,,1
Bump ASF-WebConfigGenerator from `99730c4` to `55aa7b6`,2019-12-23,Merged,1565,1,1,,1
Bump ASF-ui from `c873290` to `3b0eec3`,2019-12-19,Merged,1557,1,1,,1
Bump ASF-WebConfigGenerator from `01b28a1` to `99730c4`,2019-12-19,Merged,1556,1,1,,1
Bump ASF-ui from `ac7a003` to `c873290`,2019-12-18,Merged,1555,1,1,,1
Bump ASF-WebConfigGenerator from `a5f85fc` to `01b28a1`,2019-12-18,Merged,1554,1,1,,1
Bump ASF-ui from `575e114` to `ac7a003`,2019-12-17,Merged,1553,1,1,,1
Bump ASF-WebConfigGenerator from `1aa882d` to `27e76f6`,2019-12-16,Merged,1552,1,1,,1
Bump ASF-ui from `8d5ce31` to `86261e4`,2019-12-16,Merged,1551,1,1,,1
Implement initial github workflow,2019-12-15,Merged,1550,221,0,,1
Bump Swashbuckle.AspNetCore from 5.0.0-rc4 to 5.0.0-rc5,2019-12-14,Merged,1549,1,1,,1
Bump Swashbuckle.AspNetCore.Annotations from 5.0.0-rc4 to 5.0.0-rc5,2019-12-13,Merged,1548,1,1,,1
Bump ASF-ui from `dceecee` to `0c5cc32`,2019-12-12,Merged,1547,1,1,,1
Bump ASF-WebConfigGenerator from `bd0177f` to `3f25e4d`,2019-12-12,Merged,1546,1,1,,1
Bump wiki from `4b080d9` to `fcf162d`,2019-12-09,Merged,1545,1,1,,1
Re-enable trimming and single file publishing,2019-12-05,Merged,1542,74,35,csproj cs arm x64 sh ,9
CI improvements,2019-12-05,Merged,1541,12,25,,2
Bump wiki from `4e11d38` to `fe665ee`,2019-12-05,Merged,1539,1,1,,1
Bump System.Collections.Immutable from 1.6.0 to 1.7.0,2019-12-04,Merged,1538,1,1,,1
Bump Microsoft.Extensions.Logging.Configuration from 3.0.1 to 3.1.0,2019-12-04,Merged,1537,1,1,,1
Bump Microsoft.Win32.Registry from 4.6.0 to 4.7.0,2019-12-04,Merged,1536,1,1,,1
.NET Core 3.1,2019-12-04,Merged,1535,26,26,csproj arm x64 sh ,10
Bump System.Composition from 1.3.0 to 1.4.0,2019-12-03,Merged,1534,1,1,,1
Bump Microsoft.AspNetCore.Mvc.NewtonsoftJson from 3.0.0 to 3.1.0,2019-12-04,Closed,1533,1,1,,1
Bump System.Security.Cryptography.ProtectedData from 4.6.0 to 4.7.0,2019-12-03,Merged,1532,1,1,,1
Bump Microsoft.Extensions.Configuration.Json from 3.0.1 to 3.1.0,2019-12-03,Merged,1531,1,1,,1
Bump ASF-ui from `2aeebe4` to `9ff7f18`,2019-12-03,Merged,1530,1,1,,1
Bump ASF-WebConfigGenerator from `01b4a48` to `d481bd4`,2019-12-03,Merged,1529,1,1,,1
Bump ASF-ui from `b6a7eec` to `2aeebe4`,2019-12-02,Merged,1528,1,1,,1
Bump wiki from `0c14e97` to `7630197`,2019-12-02,Merged,1527,1,1,,1
Bump ASF-WebConfigGenerator from `c9504c3` to `01b4a48`,2019-11-29,Merged,1525,1,1,,1
Bump ASF-WebConfigGenerator from `ee50bf4` to `c9504c3`,2019-11-28,Merged,1524,1,1,,1
Bump ASF-WebConfigGenerator from `35b3468` to `ee50bf4`,2019-11-27,Merged,1523,1,1,,1
Bump ASF-ui from `5ee00e3` to `b6a7eec`,2019-11-27,Merged,1522,1,1,,1
Bump ASF-WebConfigGenerator from `13d8f57` to `35b3468`,2019-11-26,Merged,1521,1,1,,1
Bump ASF-ui from `1569a18` to `5ee00e3`,2019-11-26,Merged,1520,1,1,,1
Bump HtmlAgilityPack from 1.11.16 to 1.11.17,2019-11-25,Merged,1519,1,1,,1
Bump wiki from `521d748` to `0c14e97`,2019-11-25,Merged,1518,1,1,,1
Bump ASF-ui from `a752447` to `1569a18`,2019-11-25,Merged,1517,1,1,,1
Bump ASF-ui from `eb88985` to `7753099`,2019-11-22,Merged,1515,1,1,,1
Bump ASF-WebConfigGenerator from `c0ca8a2` to `fa1b81f`,2019-11-22,Merged,1514,1,1,,1
Bump ASF-ui from `acff66c` to `eb88985`,2019-11-20,Merged,1512,1,1,,1
Bump Microsoft.Extensions.Logging.Configuration from 3.0.0 to 3.0.1,2019-11-19,Merged,1511,1,1,,1
Bump ASF-ui from `321b710` to `acff66c`,2019-11-19,Merged,1510,1,1,,1
Bump Microsoft.Extensions.Configuration.Json from 3.0.0 to 3.0.1,2019-11-18,Merged,1509,1,1,,1
Bump ASF-ui from `8192aa7` to `321b710`,2019-11-18,Merged,1508,1,1,,1
Bump ASF-ui from `a7c25d8` to `8192aa7`,2019-11-14,Merged,1506,1,1,,1
Bump ASF-WebConfigGenerator from `aa6be4b` to `c0ca8a2`,2019-11-12,Merged,1503,1,1,,1
Bump ASF-ui from `1f57559` to `a7c25d8`,2019-11-12,Merged,1502,1,1,,1
Bump wiki from `6c6a3f0` to `257cbea`,2019-11-12,Merged,1501,1,1,,1
Bump ASF-ui from `1ba36ad` to `1f57559`,2019-11-11,Merged,1500,1,1,,1
Bump Newtonsoft.Json from 12.0.3-beta2 to 12.0.3,2019-11-11,Merged,1499,1,1,,1
Bump wiki from `58849a1` to `6c6a3f0`,2019-11-11,Merged,1498,1,1,,1
Bump ASF-ui from `65d584f` to `1ba36ad`,2019-11-08,Merged,1495,1,1,,1
Bump ASF-WebConfigGenerator from `716e408` to `aa6be4b`,2019-11-08,Merged,1494,1,1,,1
Bump ASF-ui from `74b9886` to `65d584f`,2019-11-07,Merged,1493,1,1,,1
Bump wiki from `dc474c9` to `58849a1`,2019-11-07,Merged,1492,1,1,,1
Enable Linux in travis again,2019-11-07,Merged,1491,9,12,csproj ,4
Bump Microsoft.NET.Test.Sdk from 16.3.0 to 16.4.0,2019-11-06,Merged,1490,1,1,,1
Bump ASF-WebConfigGenerator from `bccd117` to `dd90f6a`,2019-11-06,Merged,1489,1,1,,1
Bump wiki from `4e6d3b9` to `ba93090`,2019-11-06,Merged,1488,1,1,,1
Bump ASF-ui from `57d2bec` to `9dcaf50`,2019-11-06,Merged,1487,1,1,,1
Bump NLog from 4.6.7 to 4.6.8,2019-11-05,Merged,1485,1,1,,1
Bump ASF-WebConfigGenerator from `5f6275f` to `bccd117`,2019-11-05,Merged,1484,1,1,,1
Bump ASF-ui from `0245a8a` to `57d2bec`,2019-11-05,Merged,1483,1,1,,1
"Extra BotBehaviour options to mark as read only messages from bots, and only incoming trade offer messages",2019-11-06,Merged,1482,38,5,,2
Bump ASF-ui from `75aa18e` to `0245a8a`,2019-11-01,Merged,1480,1,1,,1
Bump wiki from `1f40e5e` to `4e6d3b9`,2019-10-28,Merged,1479,1,1,,1
Bump ASF-ui from `079c5d2` to `75aa18e`,2019-10-28,Merged,1478,1,1,,1
Bump ASF-WebConfigGenerator from `9f84268` to `5f6275f`,2019-10-25,Merged,1477,1,1,,1
Bump Markdig.Signed from 0.17.1 to 0.18.0,2019-10-25,Merged,1476,1,1,,1
Bump ASF-ui from `2662ae4` to `5fe092a`,2019-10-25,Merged,1475,1,1,,1
Bump ASF-ui from `157e01e` to `2662ae4`,2019-10-24,Merged,1474,1,1,,1
Bump ASF-ui from `d3c3bec` to `157e01e`,2019-10-23,Merged,1473,1,1,,1
Bump wiki from `1f01113` to `67526d5`,2019-10-18,Merged,1471,1,1,,1
Bump ASF-WebConfigGenerator from `bf08636` to `9f84268`,2019-10-17,Merged,1470,1,1,,1
Bump ASF-ui from `abd239d` to `d3c3bec`,2019-10-17,Merged,1469,1,1,,1
Bump wiki from `7c83d87` to `1f01113`,2019-10-17,Merged,1468,1,1,,1
Bump ASF-WebConfigGenerator from `d8e721a` to `bf08636`,2019-10-16,Merged,1467,1,1,,1
Bump ASF-ui from `77b0c27` to `abd239d`,2019-10-16,Merged,1466,1,1,,1
Bump wiki from `879ebed` to `7c83d87`,2019-10-16,Merged,1465,1,1,,1
Bump wiki from `20d128f` to `06e3f5f`,2019-10-15,Merged,1464,1,1,,1
Bump ASF-ui from `0fe7502` to `aabb759`,2019-10-14,Merged,1462,1,1,,1
Bump ASF-WebConfigGenerator from `446fcf7` to `d8e721a`,2019-10-14,Merged,1461,1,1,,1
Bump NLog.Web.AspNetCore from 4.8.6 to 4.9.0,2019-10-12,Merged,1459,1,1,,1
Bump ASF-WebConfigGenerator from `530a847` to `446fcf7`,2019-10-11,Merged,1457,1,1,,1
Bump ASF-ui from `77e70ae` to `0fe7502`,2019-10-11,Merged,1456,1,1,,1
Bump ASF-ui from `58bec82` to `77e70ae`,2019-10-10,Merged,1455,1,1,,1
Bump ASF-WebConfigGenerator from `f3774d9` to `530a847`,2019-10-10,Merged,1454,1,1,,1
Bump ASF-WebConfigGenerator from `d961905` to `f3774d9`,2019-10-09,Merged,1453,1,1,,1
Bump ASF-ui from `b2dc8dc` to `58bec82`,2019-10-09,Merged,1452,1,1,,1
Bump ASF-WebConfigGenerator from `c4b41df` to `d961905`,2019-10-07,Merged,1450,1,1,,1
Bump HtmlAgilityPack from 1.11.15 to 1.11.16,2019-10-07,Merged,1449,1,1,,1
Bump ASF-ui from `7271f9b` to `b2dc8dc`,2019-10-07,Merged,1448,1,1,,1
Bump Newtonsoft.Json from 12.0.3-beta1 to 12.0.3-beta2,2019-10-06,Merged,1447,1,1,,1
Bump ASF-ui from `e7f580c` to `a8cf73a`,2019-10-04,Merged,1444,1,1,,1
Bump ASF-ui from `46fc899` to `e7f580c`,2019-10-03,Merged,1443,1,1,,1
Bump ASF-ui from `b11717a` to `46fc899`,2019-10-02,Merged,1442,1,1,,1
Bump HtmlAgilityPack from 1.11.14 to 1.11.15,2019-10-02,Merged,1441,1,1,,1
Bump NLog.Web.AspNetCore from 4.8.5 to 4.8.6,2019-10-01,Merged,1440,1,1,,1
Bump HtmlAgilityPack from 1.11.12 to 1.11.14,2019-10-01,Merged,1439,1,1,,1
Bump Swashbuckle.AspNetCore from 5.0.0-rc3 to 5.0.0-rc4,2019-09-30,Merged,1438,1,1,,1
Bump Swashbuckle.AspNetCore.Annotations from 5.0.0-rc3 to 5.0.0-rc4,2019-09-30,Merged,1437,1,1,,1
Bump ASF-ui from `7271f9b` to `b11717a`,2019-09-30,Merged,1435,1,1,,1
Bump Humanizer from 2.7.2 to 2.7.9,2019-09-27,Merged,1434,1,1,,1
Bump ASF-ui from `552b990` to `0d13d62`,2019-09-27,Merged,1433,1,1,,1
Bump wiki from `45707db` to `99e1077`,2019-09-27,Merged,1432,1,1,,1
Bump ASF-ui from `716560f` to `552b990`,2019-09-26,Merged,1431,1,1,,1
Fix AppVeyor to work with latest runtime,2019-09-26,Merged,1430,15,36,,2
Bump ASF-WebConfigGenerator from `a8f1a8b` to `c4b41df`,2019-09-26,Merged,1429,1,1,,1
Bump ASF-ui from `716560f` to `d40dc53`,2019-09-26,Closed,1428,1,1,,1
Update ASF to .NET Core 3.0,2019-09-26,Merged,1427,213,251,csproj cs config ,14
Bump tools/ArchiCrowdin from `8aeda69` to `b4292e6`,2019-09-25,Merged,1426,1,1,,1
Bump ASF-ui from `c1f6b35` to `384ff37`,2019-09-24,Merged,1425,1,1,,1
Bump ASF-WebConfigGenerator from `d6c27b8` to `9d0da59`,2019-09-24,Merged,1424,1,1,,1
Bump System.Collections.Immutable from 1.6.0-preview8.19405.3 to 1.6.0,2019-09-23,Merged,1423,1,1,,1
Bump System.Composition from 1.3.0-preview8.19405.3 to 1.3.0,2019-09-23,Merged,1422,1,1,,1
Bump System.Security.Cryptography.ProtectedData from 4.6.0-preview8.19405.3 to 4.6.0,2019-09-23,Merged,1421,1,1,,1
Bump Microsoft.Extensions.Logging.Configuration from 3.0.0-preview8.19405.4 to 3.0.0,2019-09-23,Merged,1420,1,1,,1
Bump Microsoft.Win32.Registry from 4.6.0-preview8.19405.3 to 4.6.0,2019-09-23,Merged,1419,1,1,,1
Bump Microsoft.Extensions.Configuration.Json from 3.0.0-preview8.19405.4 to 3.0.0,2019-09-23,Merged,1418,1,1,,1
Bump ASF-ui from `0115ec4` to `c1f6b35`,2019-09-23,Merged,1417,1,1,,1
Bump wiki from `fa43fdf` to `3f34cb1`,2019-09-23,Merged,1416,1,1,,1
Bump Swashbuckle.AspNetCore.Annotations from 5.0.0-rc2 to 5.0.0-rc3,2019-09-20,Merged,1415,1,1,,1
Bump Swashbuckle.AspNetCore from 5.0.0-rc2 to 5.0.0-rc3,2019-09-26,Merged,1414,2,1,,1
Bump Microsoft.NET.Test.Sdk from 16.3.0-preview-20190828-03 to 16.3.0,2019-09-19,Merged,1413,1,1,,1
Bump ASF-ui from `e2a51d6` to `0115ec4`,2019-09-19,Merged,1412,1,1,,1
Bump wiki from `238a2fd` to `fa43fdf`,2019-09-18,Merged,1411,1,1,,1
Bump ASF-ui from `8f5ad32` to `e2a51d6`,2019-09-18,Merged,1410,1,1,,1
Bump ASF-ui from `55d0af7` to `8f5ad32`,2019-09-17,Merged,1409,1,1,,1
Bump ASF-WebConfigGenerator from `650bcd1` to `d6c27b8`,2019-09-16,Merged,1407,1,1,,1
Bump wiki from `1ec2278` to `238a2fd`,2019-09-16,Merged,1406,1,1,,1
Bump ASF-ui from `85cdc54` to `55d0af7`,2019-09-16,Merged,1405,1,1,,1
Bump wiki from `db304c4` to `1ec2278`,2019-09-13,Merged,1404,1,1,,1
Bump ASF-WebConfigGenerator from `8476e40` to `650bcd1`,2019-09-13,Merged,1403,1,1,,1
Bump ASF-ui from `e18f559` to `85cdc54`,2019-09-13,Merged,1402,1,1,,1
Bump wiki from `df8c72b` to `db304c4`,2019-09-12,Merged,1401,1,1,,1
Bump wiki from `872d758` to `df8c72b`,2019-09-11,Merged,1399,1,1,,1
Bump wiki from `0de1dd1` to `872d758`,2019-09-10,Merged,1398,1,1,,1
update translation,2019-09-09,Closed,1397,91,63,,0
Bump ASF-WebConfigGenerator from `1ab2254` to `8476e40`,2019-09-09,Merged,1396,1,1,,1
Bump NLog.Web.AspNetCore from 4.8.4 to 4.8.5,2019-09-09,Merged,1395,1,1,,1
Bump wiki from `fd15dab` to `0de1dd1`,2019-09-09,Merged,1394,1,1,,1
Bump ASF-ui from `d5ab6a2` to `e18f559`,2019-09-09,Merged,1393,1,1,,1
Bump Humanizer from 2.6.2 to 2.7.2,2019-09-06,Merged,1392,1,1,,1
Bump ASF-ui from `7d3132c` to `d5ab6a2`,2019-09-06,Merged,1391,1,1,,1
Bump wiki from `6900135` to `fd15dab`,2019-09-06,Merged,1390,1,1,,1
Bump MSTest.TestAdapter from 2.0.0-beta4 to 2.0.0,2019-09-08,Closed,1388,1,1,,1
Bump MSTest.TestFramework from 2.0.0-beta4 to 2.0.0,2019-09-08,Closed,1387,1,1,,1
Bump Microsoft.NET.Test.Sdk from 16.3.0-preview-20190808-03 to 16.3.0-preview-20190828-03,2019-09-08,Merged,1386,1,1,,1
Bump ASF-ui from `a6f5695` to `7d3132c`,2019-09-02,Merged,1385,1,1,,1
Bump ASF-WebConfigGenerator from `be9de91` to `1ab2254`,2019-09-02,Merged,1384,1,1,,1
Bump wiki from `08ad752` to `6900135`,2019-08-30,Merged,1383,1,1,,1
Bump ASF-ui from `a0d6b7e` to `7985260`,2019-08-28,Merged,1382,1,1,,1
Bump ASF-WebConfigGenerator from `4b42901` to `be9de91`,2019-08-28,Merged,1381,1,1,,1
Bump ASF-ui from `953f97b` to `a0d6b7e`,2019-08-27,Merged,1380,1,1,,1
Bump ASF-WebConfigGenerator from `5740a32` to `4b42901`,2019-08-21,Merged,1379,1,1,,1
Bump wiki from `63951f0` to `5e25268`,2019-08-21,Merged,1378,1,1,,1
Bump ASF-ui from `540b8ed` to `4e5e5ec`,2019-08-20,Merged,1376,1,1,,1
Add Fair trades to MatchActively,2019-08-25,Merged,1375,91,35,,3
Bump ASF-ui from `d1bc1aa` to `540b8ed`,2019-08-14,Merged,1374,1,1,,1
Bump ASF-WebConfigGenerator from `5b0800d` to `5740a32`,2019-08-14,Merged,1373,1,1,,1
Bump ASF-ui from `6de90fe` to `d1bc1aa`,2019-08-13,Merged,1372,1,1,,1
Bump ASF-WebConfigGenerator from `facad89` to `5b0800d`,2019-08-13,Merged,1371,1,1,,1
Bump ASF-ui from `736d9b0` to `6de90fe`,2019-08-12,Merged,1370,1,1,,1
Bump ASF-ui from `82f96d5` to `2dcd2ca`,2019-08-09,Merged,1369,1,1,,1
Bump ASF-WebConfigGenerator from `704fd4a` to `98d199d`,2019-08-09,Merged,1368,1,1,,1
Bump ASF-WebConfigGenerator from `af3eb59` to `704fd4a`,2019-08-07,Merged,1364,1,1,,1
Bump ASF-ui from `67d9bf0` to `82f96d5`,2019-08-07,Merged,1363,1,1,,1
Bump ASF-WebConfigGenerator from `0ee5895` to `af3eb59`,2019-08-06,Merged,1361,1,1,,1
Bump ASF-ui from `10b54f4` to `67d9bf0`,2019-08-06,Merged,1360,1,1,,1
Bump wiki from `cf62093` to `0d0471a`,2019-08-06,Merged,1359,1,1,,1
Fix wallet code redeeming due to Steam changes,2019-08-05,Merged,1358,21,5,,3
Bump wiki from `2de61c9` to `cf62093`,2019-08-05,Merged,1357,1,1,,1
Bump ASF-WebConfigGenerator from `d8d85bf` to `0ee5895`,2019-08-05,Merged,1356,1,1,,1
Bump ASF-ui from `956bfe2` to `10b54f4`,2019-08-05,Merged,1355,1,1,,1
Bump ASF-ui from `7ea6809` to `956bfe2`,2019-08-02,Merged,1353,1,1,,1
Bump ASF-WebConfigGenerator from `2b4c720` to `d8d85bf`,2019-08-02,Merged,1352,1,1,,1
Bump ASF-WebConfigGenerator from `b5a9372` to `2b4c720`,2019-08-01,Merged,1351,1,1,,1
Bump ASF-ui from `9f23ddc` to `7ea6809`,2019-08-01,Merged,1350,1,1,,1
Feature handle ipc config changes,2019-08-01,Merged,1349,269,214,,2
Bump ASF-ui from `72f15fc` to `9f23ddc`,2019-07-31,Merged,1348,1,1,,1
Bump ASF-ui from `b1efef6` to `72f15fc`,2019-07-30,Merged,1347,1,1,,1
Bump wiki from `0c58cef` to `2de61c9`,2019-07-30,Merged,1346,1,1,,1
Bump ASF-WebConfigGenerator from `d3db4cb` to `793ed78`,2019-07-25,Merged,1345,1,1,,1
Bump HtmlAgilityPack from 1.11.11 to 1.11.12,2019-07-25,Merged,1344,1,1,,1
Bump ASF-ui from `90aec62` to `f24f71b`,2019-07-25,Merged,1343,1,1,,1
Bump HtmlAgilityPack from 1.11.9 to 1.11.11,2019-07-23,Merged,1342,1,1,,1
Bump wiki from `323adbf` to `fd31f27`,2019-07-22,Merged,1340,1,1,,1
Bump HtmlAgilityPack from 1.11.9 to 1.11.10,2019-07-19,Merged,1337,1,1,,1
Bump ASF-ui from `443c279` to `32a5302`,2019-07-19,Merged,1336,1,1,,1
Bump ASF-WebConfigGenerator from `6cd456d` to `76b8a03`,2019-07-19,Merged,1335,1,1,,1
Bump ASF-ui from `bfe9894` to `443c279`,2019-07-16,Merged,1334,1,1,,1
small fix,2019-07-16,Merged,1333,2,2,,1
Bump ASF-ui from `63b7aa6` to `bfe9894`,2019-07-15,Merged,1332,1,1,,1
Bump NLog from 4.6.5 to 4.6.6,2019-07-15,Merged,1331,1,1,,1
Bump wiki from `33923e2` to `0cf4779`,2019-07-15,Merged,1330,1,1,,1
Split steam messages with respect to newlines,2019-07-14,Merged,1329,50,10,,1
Bump ASF-ui from `03119c2` to `63b7aa6`,2019-07-12,Merged,1327,1,1,,1
Bump ASF-WebConfigGenerator from `20575fe` to `6cd456d`,2019-07-12,Merged,1326,1,1,,1
Bump ASF-ui from `7e2c4a5` to `03119c2`,2019-07-11,Merged,1325,1,1,,1
Bump ASF-WebConfigGenerator from `02cd37b` to `20575fe`,2019-07-11,Merged,1324,1,1,,1
Bump ASF-WebConfigGenerator from `ddfa200` to `02cd37b`,2019-07-10,Merged,1323,1,1,,1
Bump wiki from `8adf267` to `33923e2`,2019-07-10,Merged,1322,1,1,,1
Bump ASF-ui from `120d14b` to `7e2c4a5`,2019-07-10,Merged,1321,1,1,,1
Bump ASF-ui from `0c35842` to `120d14b`,2019-07-09,Merged,1320,1,1,,1
Bump HtmlAgilityPack from 1.11.8 to 1.11.9,2019-07-09,Merged,1319,1,1,,1
Bump ASF-WebConfigGenerator from `23a7511` to `ddfa200`,2019-07-09,Merged,1318,1,1,,1
Fix circular reference exception on /Api/Bot GET request,2019-07-06,Merged,1313,1,0,,1
Bump ASF-WebConfigGenerator from `45722bc` to `aac8d80`,2019-07-05,Merged,1311,1,1,,1
Bump ASF-ui from `09a98a9` to `75132d8`,2019-07-05,Merged,1310,1,1,,1
Bump wiki from `770d5f9` to `6651953`,2019-07-05,Merged,1309,1,1,,1
Bump Markdig.Signed from 0.17.0 to 0.17.1,2019-07-04,Merged,1308,1,1,,1
Bump JetBrains.Annotations from 2019.1.1 to 2019.1.3,2019-07-03,Merged,1306,1,1,,1
Bump wiki from `2e6688f` to `5e44368`,2019-07-03,Merged,1305,1,1,,1
Bump ASF-ui from `2b650ef` to `bfef082`,2019-07-03,Merged,1304,1,1,,1
Bump NLog.Web.AspNetCore from 4.8.3 to 4.8.4,2019-07-02,Merged,1303,1,1,,1
Bump ASF-WebConfigGenerator from `9bd6bc3` to `15116bc`,2019-07-02,Merged,1302,1,1,,1
Bump ASF-ui from `5efb068` to `2b650ef`,2019-07-02,Merged,1301,1,1,,1
Bump SteamKit2 from 2.2.0-Beta.3 to 2.2.0,2019-06-28,Merged,1298,1,1,,1
Bump Microsoft.NET.Test.Sdk from 16.1.1 to 16.2.0,2019-06-27,Merged,1296,1,1,,1
Bump HtmlAgilityPack from 1.11.7 to 1.11.8,2019-06-26,Merged,1295,1,1,,1
Bump ASF-ui from `af3b48f` to `fb20056`,2019-06-26,Merged,1294,1,1,,1
Bump ASF-WebConfigGenerator from `51c6962` to `9bd6bc3`,2019-06-26,Merged,1293,1,1,,1
Bump ASF-ui from `63ad325` to `e4bbf29`,2019-06-25,Merged,1292,1,1,,1
Bump wiki from `43865ec` to `7bd5f70`,2019-06-24,Merged,1291,1,1,,1
Bump wiki from `63f3d5b` to `006f811`,2019-06-20,Merged,1287,1,1,,1
Bump ASF-ui from `48d557d` to `cbc060d`,2019-06-19,Merged,1286,1,1,,1
Bump wiki from `6e1c629` to `63f3d5b`,2019-06-19,Merged,1285,1,1,,1
Bump wiki from `8079331` to `31d17bd`,2019-06-14,Merged,1282,1,1,,1
Bump ASF-WebConfigGenerator from `b3acf4a` to `70b34be`,2019-06-14,Merged,1281,1,1,,1
Bump NLog from 4.6.4 to 4.6.5,2019-06-14,Merged,1280,1,1,,1
Bump ASF-ui from `eca8a8b` to `cc10a98`,2019-06-14,Merged,1279,1,1,,1
Bump ConfigureAwaitChecker.Analyzer from 3.0.0 to 4.0.0,2019-06-13,Merged,1278,3,3,,3
Bump wiki from `4edde12` to `8079331`,2019-06-13,Merged,1276,1,1,,1
Bump ASF-WebConfigGenerator from `31bdcaf` to `b3acf4a`,2019-06-13,Merged,1275,1,1,,1
Bump ASF-ui from `f9645c0` to `eca8a8b`,2019-06-12,Merged,1273,1,1,,1
Bump wiki from `5d1c70e` to `4edde12`,2019-06-11,Merged,1272,1,1,,1
Bump ASF-ui from `3a3632c` to `f9645c0`,2019-06-11,Merged,1271,1,1,,1
Bump ASF-ui from `4f020cf` to `3a3632c`,2019-06-10,Merged,1270,1,1,,1
Bump ASF-ui from `c461455` to `4f020cf`,2019-06-07,Merged,1269,1,1,,1
Bump ASF-WebConfigGenerator from `675251e` to `31bdcaf`,2019-06-07,Merged,1268,1,1,,1
Bump ASF-ui from `f823d05` to `c461455`,2019-06-06,Merged,1267,1,1,,1
Bump wiki from `b65ec70` to `5d1c70e`,2019-06-06,Merged,1266,1,1,,1
Bump ASF-WebConfigGenerator from `da31d27` to `675251e`,2019-06-06,Merged,1265,1,1,,1
Bump NLog.Web.AspNetCore from 4.8.2 to 4.8.3,2019-06-06,Merged,1264,1,1,,1
Bump ASF-WebConfigGenerator from `85eac6c` to `da31d27`,2019-06-04,Merged,1263,1,1,,1
Bump ASF-ui from `f48de0c` to `f823d05`,2019-06-04,Merged,1262,1,1,,1
Bump tools/ArchiCrowdin from `6695f74` to `8aeda69`,2019-06-03,Merged,1261,1,1,,1
AppVeyor: Bump VS2017 to VS2019,2019-08-31,Merged,1260,4,4,,1
Bump HtmlAgilityPack from 1.11.6 to 1.11.7,2019-05-31,Merged,1259,1,1,,1
Bump HtmlAgilityPack from 1.11.5 to 1.11.6,2019-05-31,Merged,1258,1,1,,1
Bump HtmlAgilityPack from 1.11.4 to 1.11.5,2019-05-30,Merged,1257,1,1,,1
Bump Microsoft.NET.Test.Sdk from 16.1.0 to 16.1.1,2019-05-30,Merged,1256,1,1,,1
Bump NLog from 4.6.3 to 4.6.4,2019-05-28,Merged,1255,1,1,,1
Bump ASF-ui from `8e6a822` to `040646d`,2019-05-28,Merged,1254,1,1,,1
Bump wiki from `6acf5c4` to `b4c87ec`,2019-05-27,Merged,1253,1,1,,1
Bump ASF-WebConfigGenerator from `30f1d30` to `85eac6c`,2019-05-27,Merged,1252,1,1,,1
[ImgBot] Optimize images,2019-05-25,Merged,1248,0,0,,2
Bump ASF-WebConfigGenerator from `39679c9` to `30f1d30`,2019-05-24,Merged,1247,1,1,,1
Bump ASF-ui from `0491682` to `8e6a822`,2019-05-24,Merged,1246,1,1,,1
Bump ASF-ui from `f645b1e` to `0491682`,2019-05-23,Merged,1245,1,1,,1
Bump ASF-WebConfigGenerator from `28ec52a` to `39679c9`,2019-05-23,Merged,1244,1,1,,1
Bump ASF-WebConfigGenerator from `1fb8e18` to `28ec52a`,2019-05-22,Merged,1243,1,1,,1
Bump ASF-ui from `0ea528d` to `f645b1e`,2019-05-22,Merged,1242,1,1,,1
Bump ASF-ui from `04a6d06` to `0ea528d`,2019-05-21,Merged,1241,1,1,,1
Bump ASF-ui from `5d0147f` to `04a6d06`,2019-05-20,Merged,1239,1,1,,1
Add x64 Dockerfiles based on alpine,2019-05-18,Closed,1238,58,0,,2
Build ASF-ui in subshell,2019-05-18,Merged,1237,5,4,,1
Bump ASF-ui from `c974d25` to `f87b279`,2019-05-17,Merged,1236,1,1,,1
Bump ASF-WebConfigGenerator from `e596ecb` to `1fb8e18`,2019-05-17,Merged,1235,1,1,,1
Bump ASF-ui from `cf8e142` to `c974d25`,2019-05-16,Merged,1234,1,1,,1
Bump ASF-WebConfigGenerator from `6755a5c` to `e596ecb`,2019-05-14,Merged,1233,1,1,,1
Bump ASF-ui from `5a1b943` to `cf8e142`,2019-05-14,Merged,1232,1,1,,1
Bump wiki from `73faa59` to `ed11525`,2019-05-13,Merged,1231,1,1,,1
Bump ASF-ui from `149ff2c` to `5a1b943`,2019-05-13,Merged,1230,1,1,,1
Bump Markdig.Signed from 0.16.0 to 0.17.0,2019-05-11,Merged,1228,1,1,,1
Bump ASF-ui from `bedad2d` to `149ff2c`,2019-05-10,Merged,1227,1,1,,1
Bump ASF-WebConfigGenerator from `8fdad28` to `6755a5c`,2019-05-10,Merged,1226,1,1,,1
Bump Microsoft.NET.Test.Sdk from 16.0.1 to 16.1.0,2019-05-09,Merged,1224,1,1,,1
Bump ASF-ui from `b56e332` to `bedad2d`,2019-05-09,Merged,1223,1,1,,1
Bump ASF-ui from `05773e0` to `b56e332`,2019-05-08,Merged,1222,1,1,,1
Bump NLog.Web.AspNetCore from 4.8.1 to 4.8.2,2019-05-07,Merged,1221,1,1,,1
Bump ASF-ui from `aa454af` to `05773e0`,2019-05-06,Merged,1220,1,1,,1
Bump ASF-WebConfigGenerator from `7f73f95` to `8fdad28`,2019-05-01,Merged,1216,1,1,,1
Bump NLog from 4.6.2 to 4.6.3,2019-05-01,Merged,1215,1,1,,1
Bump HtmlAgilityPack from 1.11.3 to 1.11.4,2019-04-30,Merged,1213,1,1,,1
Bump to .NET Framework 4.8,2019-08-01,Merged,1210,7,7,yml ,4
Bump wiki from `eb5a1a0` to `65452ab`,2019-04-26,Merged,1209,1,1,,1
Bump ASF-ui from `9a1ec16` to `6085414`,2019-04-23,Merged,1206,1,1,,1
Bump Newtonsoft.Json from 12.0.1 to 12.0.2,2019-04-22,Merged,1205,1,1,,1
Bump ASF-ui from `70684f7` to `9a1ec16`,2019-04-22,Merged,1204,1,1,,1
Bump HtmlAgilityPack from 1.11.2 to 1.11.3,2019-04-18,Merged,1203,1,1,,1
Bump ASF-WebConfigGenerator from `ff8437a` to `c74e073`,2019-04-18,Merged,1202,1,1,,1
Bump ASF-ui from `3e8aeae` to `70684f7`,2019-04-18,Merged,1201,1,1,,1
Bump wiki from `484ad44` to `eb5a1a0`,2019-04-18,Merged,1200,1,1,,1
Bump ASF-ui from `cea6908` to `3e8aeae`,2019-04-17,Merged,1199,1,1,,1
Bump ASF-WebConfigGenerator from `185ce9e` to `ff8437a`,2019-04-16,Merged,1198,1,1,,1
Bump ASF-ui from `8d6b1b1` to `443c905`,2019-04-16,Merged,1197,1,1,,1
Bump wiki from `96a4695` to `0e77907`,2019-04-16,Merged,1196,1,1,,1
Bump ASF-ui from `a42b326` to `8d6b1b1`,2019-04-15,Merged,1194,1,1,,1
Bump ASF-WebConfigGenerator from `c7780a7` to `185ce9e`,2019-04-15,Merged,1193,1,1,,1
Bump ASF-ui from `50529a4` to `a42b326`,2019-04-12,Merged,1192,1,1,,1
Bump ASF-ui from `8c1678e` to `50529a4`,2019-04-11,Merged,1190,1,1,,1
Bump ASF-ui from `8bcda41` to `8c1678e`,2019-04-10,Merged,1189,1,1,,1
Bump ASF-WebConfigGenerator from `11a470e` to `c7780a7`,2019-04-09,Merged,1188,1,1,,1
Bump ASF-ui from `46bfd62` to `8bcda41`,2019-04-09,Merged,1187,1,1,,1
Bump HtmlAgilityPack from 1.11.1 to 1.11.2,2019-04-08,Merged,1186,1,1,,1
Bump ASF-WebConfigGenerator from `cbd60e7` to `7907b26`,2019-04-05,Merged,1183,1,1,,1
Bump ASF-ui from `07313aa` to `3805a2b`,2019-04-05,Merged,1182,1,1,,1
Bump ASF-WebConfigGenerator from `b4a1766` to `cbd60e7`,2019-04-03,Merged,1178,1,1,,1
Bump ASF-ui from `71c05bd` to `07313aa`,2019-04-03,Merged,1177,1,1,,1
Bump NLog from 4.6.1 to 4.6.2,2019-04-03,Merged,1176,1,1,,1
Bump ASF-ui from `9af4fe0` to `71c05bd`,2019-04-02,Merged,1175,1,1,,1
Bump NLog from 4.6.0 to 4.6.1,2019-04-01,Merged,1174,1,1,,1
Bump ASF-ui from `3f80de6` to `043c250`,2019-03-29,Merged,1172,1,1,,1
Bump JetBrains.Annotations from 2018.3.0 to 2019.1.1,2019-03-27,Merged,1170,3,3,,3
Bump HtmlAgilityPack from 1.11.0 to 1.11.1,2019-03-25,Merged,1169,1,1,,1
Bump ASF-ui from `e8b6ac6` to `e70debc`,2019-03-25,Merged,1168,1,1,,1
Bump wiki from `01752ec` to `84025fa`,2019-03-25,Merged,1167,1,1,,1
Bump Swashbuckle.AspNetCore.Annotations from 5.0.0-rc1 to 5.0.0-rc2,2019-03-22,Merged,1166,1,1,,1
Bump Swashbuckle.AspNetCore from 5.0.0-rc1 to 5.0.0-rc2,2019-03-22,Merged,1165,1,1,,1
Bump ASF-WebConfigGenerator from `70812c6` to `b4a1766`,2019-03-22,Merged,1163,1,1,,1
Bump ASF-ui from `407c221` to `e8b6ac6`,2019-03-22,Merged,1162,1,1,,1
Bump Swashbuckle.AspNetCore.Annotations from 5.0.0-beta to 5.0.0-rc1,2019-03-21,Merged,1160,1,1,,1
Bump ASF-WebConfigGenerator from `7860b17` to `70812c6`,2019-03-21,Merged,1159,1,1,,1
Bump ASF-ui from `be88713` to `407c221`,2019-03-21,Merged,1158,1,1,,1
Bump NLog from 4.5.11 to 4.6.0,2019-03-21,Merged,1157,1,1,,1
Bump Swashbuckle.AspNetCore from 5.0.0-beta to 5.0.0-rc1,2019-03-20,Merged,1156,1,1,,1
Bump HtmlAgilityPack from 1.10.1 to 1.11.0,2019-03-20,Merged,1154,1,1,,1
Bump HtmlAgilityPack from 1.10.1 to 1.10.2,2019-03-20,Closed,1153,1,1,,1
Bump NLog.Web.AspNetCore from 4.8.0 to 4.8.1,2019-03-19,Merged,1152,1,1,,1
Bump HtmlAgilityPack from 1.10.0 to 1.10.1,2019-03-18,Merged,1150,1,1,,1
Bump ASF-ui from `9cf67f3` to `f91a64f`,2019-03-18,Merged,1149,1,1,,1
Bump HtmlAgilityPack from 1.9.2 to 1.10.0,2019-03-17,Merged,1148,1,1,,1
Bump ASF-ui from `80a3c02` to `9cf67f3`,2019-03-15,Merged,1147,1,1,,1
Bump ASF-WebConfigGenerator from `d8dd6bf` to `7860b17`,2019-03-15,Merged,1146,1,1,,1
Bump Humanizer from 2.5.16 to 2.6.2,2019-03-13,Merged,1144,1,1,,1
Bump ASF-ui from `dddc015` to `80a3c02`,2019-03-12,Merged,1143,1,1,,1
Bump ASF-ui from `1937c97` to `dddc015`,2019-03-11,Merged,1142,1,1,,1
Bump ASF-WebConfigGenerator from `266491b` to `d8dd6bf`,2019-03-11,Merged,1141,1,1,,1
Bump wiki from `fda5f45` to `9fb2f3b`,2019-03-11,Merged,1140,1,1,,1
Bump HtmlAgilityPack from 1.9.1 to 1.9.2,2019-03-09,Merged,1139,1,1,,1
Bump ASF-WebConfigGenerator from `62b7054` to `266491b`,2019-03-08,Merged,1138,1,1,,1
Bump ASF-ui from `acaacb9` to `1937c97`,2019-03-08,Merged,1137,1,1,,1
Bump ASF-ui from `27fcc78` to `acaacb9`,2019-03-06,Merged,1136,1,1,,1
Bump Microsoft.NET.Test.Sdk from 16.0.0 to 16.0.1,2019-03-05,Merged,1135,1,1,,1
Bump wiki from `bc57f11` to `fda5f45`,2019-03-04,Merged,1134,1,1,,1
Bump ASF-ui from `caafa07` to `27fcc78`,2019-03-04,Merged,1133,1,1,,1
Bump ASF-ui from `ec91407` to `736f0b9`,2019-03-01,Merged,1130,1,1,,1
Bump ASF-WebConfigGenerator from `9a493b6` to `5cf12f5`,2019-03-01,Merged,1129,1,1,,1
Bump HtmlAgilityPack from 1.9.0 to 1.9.1,2019-03-01,Merged,1128,1,1,,1
Bump Microsoft.NET.Test.Sdk from 16.0.0-preview-20190203-03 to 16.0.0,2019-03-01,Merged,1127,1,1,,1
Bump ASF-ui from `ec91407` to `7518db3`,2019-03-01,Closed,1125,1,1,,1
Bump wiki from `395037c` to `df0e173`,2019-03-01,Merged,1124,1,1,,1
Bump ASF-ui from `38390a2` to `ec91407`,2019-02-27,Merged,1123,1,1,,1
Bump Markdig.Signed from 0.15.7 to 0.16.0,2019-02-26,Merged,1122,1,1,,1
Bump wiki from `4c42a62` to `395037c`,2019-02-26,Merged,1121,1,1,,1
Bump ASF-ui from `6be6cac` to `38390a2`,2019-02-26,Merged,1120,1,1,,1
Bump ASF-WebConfigGenerator from `9028926` to `9a493b6`,2019-02-26,Merged,1119,1,1,,1
Bump wiki from `f49664e` to `4c42a62`,2019-02-25,Merged,1118,1,1,,1
Bump ASF-ui from `d25f017` to `6be6cac`,2019-02-25,Merged,1117,1,1,,1
Bump tools/ArchiCrowdin from `ee9b26c` to `c8db2c6`,2019-02-22,Merged,1113,1,1,,1
Bump ASF-WebConfigGenerator from `880adc7` to `07e6e35`,2019-02-22,Merged,1112,1,1,,1
Bump ASF-ui from `ba3b9ba` to `6c63a7f`,2019-02-22,Merged,1111,1,1,,1
Bump ASF-ui from `96019b4` to `ba3b9ba`,2019-02-21,Merged,1110,1,1,,1
Bump ASF-WebConfigGenerator from `f80d9a6` to `880adc7`,2019-02-21,Merged,1109,1,1,,1
Bump wiki from `62ff5dc` to `39cdf6e`,2019-02-21,Merged,1108,1,1,,1
Bump ASF-ui from `fccd19d` to `96019b4`,2019-02-20,Merged,1107,1,1,,1
Bump wiki from `fc3538a` to `62ff5dc`,2019-02-20,Merged,1106,1,1,,1
Bump ASF-ui from `088481c` to `fccd19d`,2019-02-19,Merged,1105,1,1,,1
Bump ASF-WebConfigGenerator from `29385a3` to `f80d9a6`,2019-02-19,Merged,1104,1,1,,1
Bump HtmlAgilityPack from 1.8.14 to 1.9.0,2019-02-18,Merged,1102,1,1,,1
Bump ASF-ui from `274ff47` to `4629a11`,2019-02-18,Merged,1101,1,1,,1
Bump ASF-WebConfigGenerator from `e7a5ef5` to `a335ae1`,2019-02-18,Merged,1100,1,1,,1
Bump wiki from `fc94559` to `64919e3`,2019-02-18,Merged,1099,1,1,,1
Bump ASF-ui from `b45dc1a` to `274ff47`,2019-02-15,Merged,1097,1,1,,1
Bump ASF-ui from `91c6cc0` to `b45dc1a`,2019-02-14,Merged,1096,1,1,,1
Bump ASF-WebConfigGenerator from `c194a87` to `e7a5ef5`,2019-02-13,Merged,1094,1,1,,1
Bump ASF-ui from `a85b329` to `91c6cc0`,2019-02-13,Merged,1093,1,1,,1
Bump ASF-ui from `6108d19` to `a85b329`,2019-02-12,Merged,1092,1,1,,1
Bump ASF-WebConfigGenerator from `c194a87` to `d08cd6b`,2019-02-13,Closed,1091,1,1,,1
Bump wiki from `b2825ec` to `fc94559`,2019-02-11,Merged,1090,1,1,,1
Bump ASF-ui from `dc5df32` to `6108d19`,2019-02-11,Merged,1089,1,1,,1
Bump ASF-WebConfigGenerator from `29cbb19` to `c194a87`,2019-02-11,Merged,1088,1,1,,1
Bump ASF-WebConfigGenerator from `0fdd864` to `29cbb19`,2019-02-08,Merged,1084,1,1,,1
Bump ASF-ui from `272548c` to `dc5df32`,2019-02-07,Merged,1083,1,1,,1
Bump wiki from `32ce54e` to `b2825ec`,2019-02-07,Merged,1082,1,1,,1
Bump ASF-WebConfigGenerator from `3a40a65` to `0fdd864`,2019-02-07,Merged,1081,1,1,,1
Bump wiki from `95b4b31` to `32ce54e`,2019-02-06,Merged,1080,1,1,,1
Bump ASF-WebConfigGenerator from `286406a` to `3a40a65`,2019-02-06,Merged,1079,1,1,,1
Bump ASF-ui from `9aa6d5c` to `ced8221`,2019-02-05,Merged,1078,1,1,,1
Bump ASF-WebConfigGenerator from `adb2111` to `249bf61`,2019-02-05,Merged,1077,1,1,,1
Bump wiki from `22e3db6` to `12ba9ed`,2019-02-05,Merged,1076,1,1,,1
Bump Microsoft.NET.Test.Sdk from 16.0.0-preview-20190124-02 to 16.0.0-preview-20190203-03,2019-02-04,Merged,1075,1,1,,1
Bump ASF-ui from `6e32845` to `9aa6d5c`,2019-02-04,Merged,1074,1,1,,1
Bump wiki from `92db2be` to `22e3db6`,2019-02-04,Merged,1073,1,1,,1
Bump ASF-WebConfigGenerator from `003693a` to `adb2111`,2019-02-01,Merged,1072,1,1,,1
Bump ASF-ui from `bb4b80b` to `bdcae2d`,2019-02-01,Merged,1071,1,1,,1
Bump ASF-ui from `78f1eb5` to `bb4b80b`,2019-01-31,Merged,1070,1,1,,1
Bump wiki from `7181306` to `ecb9a4d`,2019-01-31,Merged,1069,1,1,,1
Bump ASF-ui from `9ad0548` to `78f1eb5`,2019-01-30,Merged,1068,1,1,,1
Bump ASF-ui from `2a137a3` to `9ad0548`,2019-01-29,Merged,1067,1,1,,1
Bump wiki from `18a3f67` to `7181306`,2019-01-29,Merged,1066,1,1,,1
Bump ASF-WebConfigGenerator from `5acb62a` to `003693a`,2019-01-28,Merged,1065,1,1,,1
Bump wiki from `18a3f67` to `69a2a24`,2019-01-29,Closed,1064,1,1,,1
Bump ASF-ui from `b5492c9` to `2a137a3`,2019-01-28,Merged,1063,1,1,,1
Bump NLog.Web.AspNetCore from 4.7.1 to 4.8.0,2019-01-28,Merged,1062,1,1,,1
Bump Microsoft.NET.Test.Sdk from 16.0.0-preview-20181205-02 to 16.0.0-preview-20190124-02,2019-01-29,Merged,1061,1,1,,1
Bump ASF-ui from `84019fc` to `b5492c9`,2019-01-25,Merged,1058,1,1,,1
Bump ASF-ui from `594089b` to `a46de30`,2019-01-24,Merged,1056,1,1,,1
Bump ASF-WebConfigGenerator from `3e06e58` to `ea51a4f`,2019-01-24,Merged,1055,1,1,,1
Bump tools/ArchiCrowdin from `5ab83ca` to `ee9b26c`,2019-01-24,Merged,1054,1,1,,1
Bump HtmlAgilityPack from 1.8.13 to 1.8.14,2019-01-23,Merged,1053,1,1,,1
Bump ASF-WebConfigGenerator from `710dc97` to `3e06e58`,2019-01-23,Merged,1052,1,1,,1
Bump ASF-ui from `58dddaf` to `594089b`,2019-01-23,Merged,1051,1,1,,1
Bump ASF-ui from `1e02a6d` to `58dddaf`,2019-01-22,Merged,1049,1,1,,1
Bump ASF-WebConfigGenerator from `f1f1604` to `710dc97`,2019-01-22,Merged,1048,1,1,,1
Bump ConfigureAwaitChecker.Analyzer from 2.0.1 to 3.0.0,2019-01-22,Merged,1047,3,3,,3
Bump ASF-ui from `d0f7b7a` to `1e02a6d`,2019-01-21,Merged,1046,1,1,,1
Bump ASF-WebConfigGenerator from `90df00c` to `f1f1604`,2019-01-21,Merged,1045,1,1,,1
implement `Droprate` field in Steam.Asset,2019-01-21,Closed,1044,38,9,,2
Bump tools/ArchiCrowdin from `74ee1bc` to `5ab83ca`,2019-01-18,Merged,1043,1,1,,1
Bump ASF-ui from `8c43dea` to `d0f7b7a`,2019-01-18,Merged,1042,1,1,,1
Bump wiki from `dea0198` to `b045c25`,2019-01-18,Merged,1041,1,1,,1
Bump HtmlAgilityPack from 1.8.12 to 1.8.13,2019-01-18,Merged,1040,1,1,,1
Bump ASF-ui from `0f97f48` to `8c43dea`,2019-01-17,Merged,1039,1,1,,1
Bump wiki from `c4c441a` to `dea0198`,2019-01-16,Merged,1038,1,1,,1
Bump JetBrains.Annotations from 2018.2.1 to 2018.3.0,2019-01-15,Merged,1035,3,3,,3
Bump ASF-ui from `d98ba9a` to `0f97f48`,2019-01-15,Merged,1034,1,1,,1
Bump wiki from `9297280` to `c4c441a`,2019-01-15,Merged,1033,1,1,,1
Conditionally disable netf on non-Windows platforms,2019-01-14,Merged,1032,24,3,,3
Add Marketable property into inventory Assets,2019-01-14,Merged,1031,25,10,,2
Bump wiki from `cc3cb2d` to `9297280`,2019-01-14,Merged,1030,1,1,,1
Bump ASF-ui from `7ffbf75` to `d98ba9a`,2019-01-14,Merged,1029,1,1,,1
Bump HtmlAgilityPack from 1.8.11 to 1.8.12,2019-01-14,Merged,1028,1,1,,1
Bump Markdig.Signed from 0.15.6 to 0.15.7,2019-01-14,Merged,1027,1,1,,1
Bump ConfigureAwaitChecker.Analyzer from 2.0.0 to 2.0.1,2019-01-14,Merged,1026,3,3,,3
Bump ASF-WebConfigGenerator from `a486a40` to `601de1b`,2019-01-11,Merged,1023,1,1,,1
Bump ASF-ui from `f80efd6` to `21f5aff`,2019-01-11,Merged,1022,1,1,,1
Bump wiki from `52f8aad` to `7c4b3ba`,2019-01-11,Merged,1021,1,1,,1
Implement plugin system,2019-01-10,Merged,1020,"3,766","2,394",yml csproj cs config ico ,8
Auto ceate boosterpack,2019-01-09,Closed,1019,207,0,,5
Bump ASF-WebConfigGenerator from `10d44ad` to `a486a40`,2019-01-09,Merged,1018,1,1,,1
Bump Microsoft.AspNetCore.WebSockets from 2.2.0 to 2.2.1,2019-01-09,Merged,1017,1,1,,1
Bump ASF-WebConfigGenerator from `43722ef` to `10d44ad`,2019-01-08,Merged,1016,1,1,,1
Bump ASF-ui from `0581398` to `f80efd6`,2019-01-08,Merged,1015,1,1,,1
Bump ASF-ui from `f5521ae` to `6b1d8d3`,2019-01-07,Merged,1013,1,1,,1
Bump tools/ArchiCrowdin from `0e2b8e2` to `f8270d7`,2019-01-07,Merged,1012,1,1,,1
Bump ASF-ui from `db18643` to `f5521ae`,2019-01-07,Merged,1011,1,1,,1
Bump ASF-WebConfigGenerator from `da14b68` to `4b26780`,2019-01-07,Merged,1010,1,1,,1
Bump NLog.Web.AspNetCore from 4.7.0 to 4.7.1,2019-01-07,Merged,1009,1,1,,1
Bump wiki from `64d7e1f` to `e2b8b8d`,2019-01-04,Merged,1004,1,1,,1
Bump ASF-ui from `abe1715` to `db18643`,2019-01-03,Merged,1003,1,1,,1
Bump wiki from `4c2ee86` to `64d7e1f`,2019-01-03,Merged,1002,1,1,,1
ContextID follow-up fix,2019-01-02,Merged,1001,1,1,,1
Bump wiki from `88e8146` to `4c2ee86`,2019-01-02,Merged,1000,1,1,,1
Bump Markdig.Signed from 0.15.5 to 0.15.6,2018-12-31,Merged,996,1,1,,1
Bump ASF-ui from `64fab73` to `abe1715`,2018-12-31,Merged,995,1,1,,1
Bump ASF-WebConfigGenerator from `f6e1e3d` to `da14b68`,2018-12-31,Merged,994,1,1,,1
Bump wiki from `a1e8ea1` to `88e8146`,2018-12-31,Merged,993,1,1,,1
Fix ContextID type,2018-12-29,Merged,990,23,23,,4
Bump ASF-ui from `f90ccb2` to `64fab73`,2018-12-28,Merged,988,1,1,,1
Bump ASF-WebConfigGenerator from `1d1a0db` to `f6e1e3d`,2018-12-27,Merged,985,1,1,,1
Bump wiki from `b3f9e06` to `a1e8ea1`,2018-12-27,Merged,984,1,1,,1
Bump tools/ArchiCrowdin from `75a2161` to `0e2b8e2`,2018-12-26,Merged,981,1,1,,1
Bump ASF-ui from `562ceed` to `f90ccb2`,2018-12-26,Merged,980,1,1,,1
Bump wiki from `34d3247` to `b3f9e06`,2018-12-26,Merged,979,1,1,,1
Bump ASF-WebConfigGenerator from `890ae57` to `896a01a`,2018-12-24,Merged,976,1,1,,1
Bump ASF-ui from `1871d47` to `6a98da3`,2018-12-24,Merged,975,1,1,,1
Bump wiki from `bbe933e` to `1ebfa21`,2018-12-24,Merged,974,1,1,,1
Bump ASF-ui from `eb99168` to `1871d47`,2018-12-21,Merged,972,1,1,,1
Bump wiki from `84709ea` to `bbe933e`,2018-12-21,Merged,971,1,1,,1
Bump ASF-ui from `b514ed0` to `eb99168`,2018-12-18,Merged,969,1,1,,1
Bump ASF-ui from `70198fb` to `b514ed0`,2018-12-16,Merged,968,1,1,,1
Bump ASF-WebConfigGenerator from `5b987aa` to `890ae57`,2018-12-16,Merged,967,1,1,,1
Bump tools/ArchiCrowdin from `eb92bf4` to `75a2161`,2018-12-16,Merged,966,1,1,,1
Bump wiki from `4c4a62d` to `84709ea`,2018-12-16,Merged,965,1,1,,1
Bump ASF-ui from `c79d333` to `70198fb`,2018-12-16,Merged,964,1,1,,1
Rename ArchiCachable to ArchiCacheable,2018-12-15,Merged,963,8,8,,2
.NET Core 2.2,2018-12-07,Merged,958,21,21,csproj arm x64 sh ,9
Fix wallet code redeeming,2018-12-06,Merged,957,61,8,,4
Merge pull request #1 from JustArchiNET/master,2018-11-24,Closed,952,0,0,,0
Add method to get trade token by using Steamkit,2018-11-19,Merged,947,39,61,,4
Add !level command,2018-11-14,Merged,946,256,171,,2
Fix NullReferenceException in AcceptConfirmations(),2018-11-08,Merged,941,1,1,,1
Implement automatic crowdin strings upload in AppVeyor,2018-11-06,Merged,937,207,229,md ps1 ,4
Add !balance command,2018-11-03,Merged,935,250,169,,2
Fix !restart command,2018-10-31,Merged,932,1,1,,1
Enable custom dotnet for appveyor,2018-10-29,Merged,931,28,3,,1
Add CORS,2018-10-28,Merged,930,16,0,cs ,2
Update Strings.de-DE.resx,2018-10-20,Closed,923,1,1,,1
Add MarkReceivedTradeMessagesAsRead config property,2018-10-15,Closed,920,11,10,,2
Add TargetBotNotConnected string,2018-10-15,Merged,919,215,203,,1
Make custom UI with --path argument possible,2018-10-07,Merged,915,9,2,,2
Implement command TRANSFER@ for the sake of completeness,2018-09-29,Merged,911,219,88,,3
Implement Command TRANSFER^,2018-09-24,Merged,908,65,0,,1
ASF V3.4 with ASF UI,2018-09-22,Merged,906,81,"5,954",yml ASF-ui csproj cs html css ,8
Add /Api/WWW/GitHub/Releases endpoints,2018-09-21,Merged,905,307,85,,4
Add Utilities.MarkdownToText(),2018-09-20,Merged,903,25,0,cs ,3
Rewrite IPC from HttpListener to KestrelHttpServer,2018-09-07,Merged,898,"1,550","1,400",csproj cs ,4
Fix ArgumentNullException in GetDigitalGiftCards(),2018-09-01,Merged,893,4,0,,1
[WIP] Feature command rewrite,2018-09-15,Closed,891,817,940,,0
Autoaccepting wallet gift cards,2018-08-20,Merged,885,111,8,cs ,3
IsMatch(...) instead of Match(...).Success,2018-08-17,Merged,883,1,1,,1
Bug  in app.js only using s_SteamOwnerID instead of SteamOwnerID,2018-08-13,Closed,880,9,5,,1
IPC GUI inconsistency about disconnected bots info,2018-08-13,Merged,877,10,9,,1
IPC GUI Update Nr.13,2018-08-27,Merged,874,8,2,js html ,3
IPC GUI Update Nr.12,2018-08-04,Merged,871,302,463,gif ,38
IPC GUI Update Nr.11,2018-08-01,Merged,867,222,153,html js json ,6
Travis: Misc improvements,2018-07-23,Merged,863,4,4,,1
[WIP] Feature command rewrite,2018-07-24,Closed,862,575,464,,0
Add BuildVariant to GET /Api/ASF - Implement feature-request #859,2018-07-19,Merged,860,9,5,,1
IPC GUI Update Nr.10,2018-07-31,Merged,858,265,210,html js ,4
"Feature GET, DELETE /Api/GamesToRedeemInBackground/{Bot}",2018-07-18,Merged,856,189,9,,2
IPC GUI Update Nr.9,2018-07-17,Merged,855,85,45,html js json ,6
Add cross-set trading of unmarketable items,2018-07-13,Closed,851,163,65,,4
Implement #805,2018-07-13,Closed,848,1,0,,1
CI fixes,2018-07-10,Merged,847,2,0,,2
IPC GUI fix bots collapse button,2018-07-13,Closed,846,2,2,,1
Feature editorconfig,2018-07-11,Merged,844,77,0,,1
Implement #841,2018-07-08,Merged,843,4,0,,1
Add a command to make bots explore their discovery queue,2018-07-08,Closed,842,73,15,,2
Try to limit number of parallel restores,2018-07-04,Merged,839,14,4,,2
Test potential solution for generic-netf being 'special',2018-07-04,Merged,837,12,11,csproj ,4
Fix logical issues found with static analyzer,2018-06-24,Merged,828,1,1,,1
LOOT by realAppID,2018-06-24,Merged,826,124,32,,1
Fix for #803,2018-07-13,Merged,820,1,1,,1
Implement support for new Steam chat,2018-07-24,Merged,811,"8,862",422,csproj ,3
Implement #805,2018-07-10,Closed,807,1,0,,1
Implement support for mono,2018-06-03,Merged,806,174,36,cs csproj ,13
Runtime upgrade to .NET Core 2.1,2018-06-03,Merged,804,550,48,csproj cs json arm x64 ,11
[WIP] IPC GUI Update Nr.9,2018-07-17,Closed,802,67,34,html js json ,7
IPC GUI Update Nr.8.1,2018-05-27,Merged,800,20,18,js ,7
Change privacy settings feature,2018-05-19,Merged,794,197,4,,3
CI improvements,2018-05-10,Merged,787,11,16,,2
"[WebConfigGenerator] Upgrade webpack, remove service worker, other small optimizations",2018-04-27,Merged,783,"6,205","6,101",js ,9
Small logic fix,2018-04-08,Merged,778,0,3,,1
Increased badge max age,2018-03-28,Merged,774,4,4,,0
Steam logins can contains spaces,2018-03-22,Merged,772,2,3,,1
IPC GUI Update Nr.8,2018-05-25,Merged,771,443,522,png html ,3
IPC GUI Update Nr.7.1,2018-03-20,Merged,768,9,8,json html yaml ,8
Update AppVeyor CI to Powershell Core,2018-03-17,Merged,767,6,5,,1
Linker optimizations V2,2018-03-17,Merged,766,20,12,csproj ,3
IPC GUI Update Nr.7,2018-03-20,Merged,759,506,238,gif html js ,39
IPC GUI Update Nr.6,2018-03-09,Merged,756,314,206,html ,2
IPC GUI Update Nr.6,2018-03-08,Closed,753,25,25,,5
IPC GUI Update Nr.5,2018-02-24,Merged,752,537,481,ico png js html ,7
IPC GUI Update Nr.4.1,2018-02-23,Merged,751,74,16,js html ,6
IPC GUI Update Nr.4,2018-02-22,Merged,750,747,274,,2
IPC GUI Update Nr.3,2018-02-18,Merged,747,869,669,,3
.gitattributes update,2018-02-05,Merged,744,3,13,,1
IPC GUI Update Nr.2,2018-02-09,Merged,741,858,482,html ,2
IPC GUI Update Nr.1,2018-02-04,Merged,733,"1,696","125,009",,3
Add basic GUI,2018-01-26,Merged,731,"125,156",0,,2
!take command (looting from other appids),2018-01-08,Merged,727,121,2,,2
Fix typo in README.md,2018-01-05,Merged,726,1,1,,0
Remove bot name from config,2017-11-09,Merged,693,5,1,,1
Indent fix,2017-11-09,Merged,692,1,1,,1
Remove AppVeyor misc workaround,2017-10-26,Merged,686,0,1,,1
Linker optimizations,2017-10-26,Merged,681,23,6,csproj xml arm x64 config ,9
Update vi-VN.json,2017-10-23,Closed,680,27,27,,1
Improve AppVeyor workaround,2017-10-23,Merged,679,6,2,config ,2
Config Generator improvements,2017-10-18,Merged,677,156,183,vue ,14
Update SK2 to Beta1,2017-10-18,Merged,675,4,6,cs yml ,3
Translate Web-based ConfigGenerator,2017-10-17,Merged,674,609,297,html json vue ,16
README.md,2017-10-18,Closed,669,12,12,,0
New callback for FriendMsgEcho,2017-09-23,Merged,653,17,1,,1
Linker optimizations,2017-08-31,Merged,633,41,14,csproj cs config ,5
Fixed some german typos,2017-08-22,Closed,622,10,10,,1
AppVeyor/Travis: 2.0.0 runtime updates,2017-08-18,Merged,619,67,24,,2
"Allow cross site access, (for example via javascript) for IPC",2017-08-15,Merged,615,3,1,,1
"Transfer command (easy version, flexible loot)",2017-08-11,Merged,609,158,0,,1
Prevent config download if errors,2017-07-07,Merged,591,10,10,js map ,7
Fix SW,2017-07-07,Merged,590,9,9,js map ,7
Make it flash!,2017-07-07,Merged,589,15,14,js html map ,9
[WIP] .NET Framework -> .NET Core ASF port,2017-07-05,Merged,582,"1,408","500,958",yml sln DotSettings ,4
Spelling: Reproducable -> Reproducible,2017-05-30,Merged,559,1,1,,0
Ignore dot files in the configuration directory.,2017-05-17,Merged,554,3,3,,1
"Humanize TimeSpans, get rid of dirty manual TimeSpan translations",2017-04-08,Merged,526,"5,616",136,cs resx config nupkg dll ,10
Update CGStrings.zh-CN.resx,2017-03-30,Closed,518,18,18,,1
C# 7.0 syntax sugars,2017-04-05,Merged,501,72,170,,7
Added SteamOperatorID property,2017-03-14,Merged,500,26,9,json ,4
"Added ""owns <bot> *"" and ""owns *"" feature",2017-03-04,Closed,488,"3,148","3,142",,0
Master,2017-02-25,Merged,478,62,1,,3
Update source strings,2017-02-26,Merged,477,19,19,,1
New Crowdin translations,2017-02-20,Closed,472,803,"2,724",,6
New Crowdin translations,2017-02-12,Merged,465,56,18,,4
New Crowdin translations,2017-02-09,Merged,460,"1,446",161,,3
add button for update all configs,2017-02-06,Closed,459,96,45,,2
fix typo,2017-02-04,Closed,456,2,2,,1
New Crowdin translations,2017-02-05,Merged,455,243,121,,3
New Crowdin translations,2017-02-02,Merged,451,316,111,,13
New Crowdin translations,2017-01-31,Merged,447,123,25,,29
New Crowdin translations,2017-01-31,Merged,446,89,89,,0
New Crowdin translations,2017-01-31,Merged,444,38,18,,5
New Crowdin translations,2017-01-30,Merged,442,146,61,,4
New Crowdin translations,2017-01-27,Merged,438,21,9,,5
New Crowdin translations,2017-01-24,Merged,433,270,85,,8
New Crowdin translations,2017-01-21,Closed,432,"1,046",39,,8
New Crowdin translations,2017-01-21,Merged,430,"1,046",39,,8
New Crowdin translations,2017-01-20,Merged,427,230,83,,7
New Crowdin translations,2017-01-18,Merged,426,485,36,,7
New Crowdin translations,2017-01-17,Merged,422,64,80,,15
New Crowdin translations,2017-01-16,Merged,416,"1,415",409,,4
getting api key from steamcommunity,2017-01-11,Merged,414,122,13,,3
New Crowdin translations,2017-01-11,Merged,411,"4,175","1,138",,2
New Crowdin translations,2017-01-08,Merged,409,"5,470",51,,8
New Crowdin translations,2017-01-08,Merged,407,"3,672","8,242",,9
New Crowdin translations,2017-01-07,Merged,405,255,255,,2
New Crowdin translations,2017-01-07,Merged,404,192,194,,12
New Crowdin translations [ci skip],2017-01-07,Merged,403,"21,121",326,,24
New Crowdin translations,2017-01-06,Merged,402,"2,055",685,,0
New Crowdin translations,2017-01-06,Closed,401,"20,550",0,,30
Localization support,2017-01-06,Merged,400,"3,232",399,DotSettings cs csproj ,5
pull latest JustArchi,2016-10-14,Closed,349,139,84,cs csproj ,11
"Revert ""Make WCF interface async""",2016-07-30,Merged,317,9,10,,2
Make WCF interface async,2016-07-30,Merged,316,14,10,,3
Update ReSharper DotSettings file,2016-07-29,Merged,313,15,1,,1
Add an option to set farming order,2016-07-29,Merged,312,127,25,cs ,4
Add an option to switch WCF metadata publishing,2016-07-28,Merged,309,10,3,,2
preventing the creation of the default event source,2016-07-08,Merged,286,2,0,,1
moved default event log to its own log,2016-07-05,Merged,284,12,0,,3
Added logging to event log,2016-07-04,Closed,274,557,339,,3
adding ability to run as a windows service,2016-06-28,Merged,268,91,9,csproj ,4
Add a Gitter chat badge to README.md,2016-06-10,Closed,244,2,0,,0
specific cellID,2016-05-08,Closed,224,10,5,,2
Fixed Tray ico.,2016-04-15,Closed,197,2,1,,1
GUI (WCF Client),2016-04-13,Merged,195,"1,924",2,cs config ,4
Commands to accept all pending 2fa confirmation requests,2016-03-10,Closed,146,29,0,,1
Distribute keys among bots,2016-01-25,Merged,87,62,8,xml ,2
!playgame && SortingMethod,2016-01-28,Closed,82,135,2,,2
Update Bot.cs,2016-01-22,Closed,75,266,35,,2
Bot->Master trades,2016-01-13,Merged,71,184,2,xml ,7
command !status all to bring them all,2016-01-10,Merged,68,20,3,,1
multiple keys redeeming,2016-01-10,Closed,67,21,1,,1
interprocess communications via WCF,2016-01-03,Closed,61,237,44,cs ,3
interprocess comunication via WCF,2016-01-02,Closed,59,263,38,cs ,2
Extra commands,2016-01-05,Closed,20,209,89,,3
added extended !status syntax,2015-11-18,Merged,15,44,9,,2
release semaphore on exit from startfarm,2015-11-18,Closed,14,4,2,,1
Random Number for delayed connecting bots,2015-11-04,Merged,11,3,1,,1
Added Debian 8.1 (tested and working),2015-11-02,Merged,8,1,0,,0
Cleaned up better looking Readme,2015-11-01,Merged,7,30,18,,0
SteamMasterID Change,2015-11-01,Merged,6,2,2,,1
Explanation about how to find the groupID64,2015-11-01,Merged,5,7,2,,1
Update XMLReader-Encoding (only if needed),2015-11-04,Closed,4,1,1,,1
