Update README.md,2019-12-21,Merged,493,3,3,,0
Fix NaN error rate bug in RNNs.,2020-01-03,Closed,492,2,2,,1
Correct Typo mistakes,2019-10-09,Merged,462,2,2,,0
Fixed link to likely util,2019-10-07,Merged,459,1,1,,0
Add an example,2019-10-01,Merged,456,53,0,,1
Fix wrong log callback type,2019-10-01,Merged,450,15,6,,2
Fixes SVG generation,2019-10-01,Merged,449,9,9,,1
Output iterations and error as numbers in log function.,2019-09-16,Closed,447,6,5,,5
fix broken link in readme,2019-09-08,Merged,444,1,1,,0
fix: Remove duplicated declaration,2019-09-07,Merged,443,0,4,,1
fix: Typo correction in CONTRIBUTING.md,2019-09-07,Merged,442,1,1,,0
Update README.md,2019-08-14,Merged,433,2,1,,0
corrected a typo in readme.md,2019-08-07,Merged,428,1,1,,0
Fix rnn time step serialization/deserialization,2019-09-06,Closed,422,64,57,js ,9
"commonjs modules, for nodejs compatibility",2019-07-11,Merged,415,"22,227","18,596",,36
run examples in nodejs without running a build,2019-07-10,Closed,413,"19,336","13,564",js map json ,20
resolves svg issue 384,2019-08-08,Merged,402,"16,789","16,763",map ,11
resolves svg issue 384,2019-05-31,Closed,401,"8,368",14,UsersUsernodejsnpm-cache/_cacache/content-v2/sha1/00/c1/cdb1aca71112cdf0cf6126c2ed6b457ccdbc UsersUsernodejsnpm-cache/_cacache/content-v2/sha1/00/c6/08ab7dcd93897c0009651b1d3a8e1e73bbd1 UsersUsernodejsnpm-cache/_cacache/content-v2/sha1/01/ea/c0fe3b5af71a2a6c02feabb8c1fef7e00eab UsersUsernodejsnpm-cache/_cacache/content-v2/sha1/01/fc/bbb393463a548f2f466cce16dece49db908f UsersUsernodejsnpm-cache/_cacache/content-v2/sha1/02/58/eae4d3d0c0974de1c169188ef0051d1d1988 UsersUsernodejsnpm-cache/_cacache/content-v2/sha1/04/5f/9782d011ae9a6803ddd382b24392b3d890f7 UsersUsernodejsnpm-cache/_cacache/content-v2/sha1/04/e6/926f662895354f3dd015203633b857297e2c UsersUsernodejsnpm-cache/_cacache/content-v2/sha1/06/2e/fd57f9a8716644145b993a5f72709969f1e1 UsersUsernodejsnpm-cache/_cacache/content-v2/sha1/09/17/24902e84658260eb910748cccd1af6e21fb5 UsersUsernodejsnpm-cache/_cacache/content-v2/sha1/09/7b/602b53422a522c1afb8790318336941a011d UsersUsernodejsnpm-cache/_cacache/content-v2/sha1/0a/bf/4f1caa5bcb1f7a9d8acc6dea4faaa04bac9b UsersUsernodejsnpm-cache/_cacache/content-v2/sha1/0b/5e/e648388e2c860282e793f1856fec3f301b56 UsersUsernodejsnpm-cache/_cacache/content-v2/sha1/0c/d9/0a561093f35d0a99256c22b7069433fad117 UsersUsernodejsnpm-cache/_cacache/content-v2/sha1/0c/f6/8bb9ddf5f2be7961c3a85178cb85dba78cb4 UsersUsernodejsnpm-cache/_cacache/content-v2/sha1/0d/07/0b4d043a5bea33a2f1a40e2edb3d9a4ccf77 UsersUsernodejsnpm-cache/_cacache/content-v2/sha1/0d/d4/c9ffaabc357960b1b724115d7e0e86a2e1f5 UsersUsernodejsnpm-cache/_cacache/content-v2/sha1/0f/36/692d50fef6b7e2d4b3ac1478137a963b7b06 UsersUsernodejsnpm-cache/_cacache/content-v2/sha1/0f/eb/6c64f0fc518d9a754dd5efb62c7022761f4b UsersUsernodejsnpm-cache/_cacache/content-v2/sha1/10/4a/8e4aaca6d3d8cd157a8ef8bfab2d7a3ffdb6 UsersUsernodejsnpm-cache/_cacache/content-v2/sha1/11/8b/df5b8cdc51a2a7e70d211e07e2b0b9b107d3 UsersUsernodejsnpm-cache/_cacache/content-v2/sha1/11/c6/f25b537745a983e8d61552d7db8932d53782 UsersUsernodejsnpm-cache/_cacache/content-v2/sha1/12/06/01537a916d29940f934da3b48d585a39213d UsersUsernodejsnpm-cache/_cacache/content-v2/sha1/12/58/20e34bc842d2f2aaafafe4c2916ee32c157c UsersUsernodejsnpm-cache/_cacache/content-v2/sha1/12/c2/5efe40a45e3c323eb8675a0a0ce57b22371f UsersUsernodejsnpm-cache/_cacache/content-v2/sha1/13/79/18d6d78283f7df7a6b7c5a63e140e69425e6 UsersUsernodejsnpm-cache/_cacache/content-v2/sha1/15/04/ad2523158caa40db4a2787cb01411994ea4f UsersUsernodejsnpm-cache/_cacache/content-v2/sha1/15/0e/20b756590ad3f91093f25a4f2ad8bff30ba3 UsersUsernodejsnpm-cache/_cacache/content-v2/sha1/16/1c/7dac177659fd9811f43771fa99381478628c UsersUsernodejsnpm-cache/_cacache/content-v2/sha1/17/38/99d3ffd1c7d9383e4479525dbe278cab5f2b UsersUsernodejsnpm-cache/_cacache/content-v2/sha1/17/4b/9268735534ffbc7ace6bf53a5a9e1b5c5f5f UsersUsernodejsnpm-cache/_cacache/content-v2/sha1/17/e6/c11f73dd4f3d74cda7a4ff3238e9ad9bf890 UsersUsernodejsnpm-cache/_cacache/content-v2/sha1/18/1c/08d5bb3690045f69401b9ae6a7a0cf3313fc UsersUsernodejsnpm-cache/_cacache/content-v2/sha1/18/b2/81da585b1c5c51def24c930ed29a0be6b177 UsersUsernodejsnpm-cache/_cacache/content-v2/sha1/19/d3/86a1d9edc6e7c1c85d388aedbcc56d33602d UsersUsernodejsnpm-cache/_cacache/content-v2/sha1/1a/9c/744829f39dbb858c76ca3579ae2a54ebd1fa UsersUsernodejsnpm-cache/_cacache/content-v2/sha1/1a/b2/8b556e198363a8c1a6f7e6fa20137fe6aed9 UsersUsernodejsnpm-cache/_cacache/content-v2/sha1/1b/61/c0562190a8dff6ae3bb2cf0200ca130b86d4 UsersUsernodejsnpm-cache/_cacache/content-v2/sha1/1b/63/be438a133e4b671cc1935197600175910d83 UsersUsernodejsnpm-cache/_cacache/content-v2/sha1/1b/bf/2dfb0eb71e56c4cc7fb567fbd1351b65015e UsersUsernodejsnpm-cache/_cacache/content-v2/sha1/1b/c9/36b9e02f4a603fcc222ecf7633d30b8b93b1 UsersUsernodejsnpm-cache/_cacache/content-v2/sha1/1c/11/f9218f076089a47dd512f93c6699a6a81d52 UsersUsernodejsnpm-cache/_cacache/content-v2/sha1/1e/ad/e7acc012034ad84e2396767ead9fa5495821 UsersUsernodejsnpm-cache/_cacache/content-v2/sha1/1e/cb/27689c9d25513eadbc9914a73f5408be7a76 UsersUsernodejsnpm-cache/_cacache/content-v2/sha1/20/31/14d82ad2c5ed9e8e0411b3932875e889e97b UsersUsernodejsnpm-cache/_cacache/content-v2/sha1/20/7b/ab91638499c07b2adf240a41a87210034575 UsersUsernodejsnpm-cache/_cacache/content-v2/sha1/20/81/3df3d712928b207378691a45066fae72dd57 UsersUsernodejsnpm-cache/_cacache/content-v2/sha1/20/a0/103b222a70c8fd39cc2e580680f3dde5ec43 UsersUsernodejsnpm-cache/_cacache/content-v2/sha1/20/f1/336481b083cd75337992a16971aa2d906947 UsersUsernodejsnpm-cache/_cacache/content-v2/sha1/20/f9/f17ae29ed345e8bde583b13d2009803c14d9 UsersUsernodejsnpm-cache/_cacache/content-v2/sha1/21/09/adc7965887cfc05cbbd442cac8bfbb360863 UsersUsernodejsnpm-cache/_cacache/content-v2/sha1/21/35/d6dfa7a358c069ac9b178776288228450ffa UsersUsernodejsnpm-cache/_cacache/content-v2/sha1/21/93/2a549f5e52ffd9a827f570e04be62a97da54 UsersUsernodejsnpm-cache/_cacache/content-v2/sha1/21/e0/abfaf6f2029cf2fafb133567a701d4135524 UsersUsernodejsnpm-cache/_cacache/content-v2/sha1/22/38/098fc221de0bcfa5d9eac4c45d638aa1c534 UsersUsernodejsnpm-cache/_cacache/content-v2/sha1/22/99/f02c6ded30d4a5961b0b9f74524a18f634fc UsersUsernodejsnpm-cache/_cacache/content-v2/sha1/23/21/5833f1da13fd606ccb8087b44852dcb821fd UsersUsernodejsnpm-cache/_cacache/content-v2/sha1/24/ce/f69ae21cb83a7f8603dad021f572eb278f8d UsersUsernodejsnpm-cache/_cacache/content-v2/sha1/24/f8/75d6721c87661bbd99a4622e51f14de38aa0 UsersUsernodejsnpm-cache/_cacache/content-v2/sha1/24/fd/6201a4782cf50561c810276afc7d12d71195 UsersUsernodejsnpm-cache/_cacache/content-v2/sha1/26/a7/1aaf073b39fb2127172746131c2704028db8 UsersUsernodejsnpm-cache/_cacache/content-v2/sha1/26/e6/1ed1422fb70dd42e6e36729ed51d855fe8d9 UsersUsernodejsnpm-cache/_cacache/content-v2/sha1/27/0f/076c5a72c02f5b65a47df94c5fe3a278892f UsersUsernodejsnpm-cache/_cacache/content-v2/sha1/27/24/fd6a8113d73764ac288d4386270c1dbf17f0 UsersUsernodejsnpm-cache/_cacache/content-v2/sha1/27/58/4810891456a4171c8d0226441ade90cbcaeb UsersUsernodejsnpm-cache/_cacache/content-v2/sha1/28/03/98e5d664bd74038b6f0905153e6e8af1bc20 UsersUsernodejsnpm-cache/_cacache/content-v2/sha1/29/0c/bb232e306942d7d7ea9b83732ab7856f8285 UsersUsernodejsnpm-cache/_cacache/content-v2/sha1/29/75/88b7b0e7e0ac08e04e672f85c1f4999e17af UsersUsernodejsnpm-cache/_cacache/content-v2/sha1/29/c5/733148057bb4e1f75df35b7a9cb72e6a59dd UsersUsernodejsnpm-cache/_cacache/content-v2/sha1/29/cc/eac0dc4f03c6c87b4a9f217dd18c9f74871c UsersUsernodejsnpm-cache/_cacache/content-v2/sha1/2a/80/5e8a14d6372124dd9159ad4502f8cb07f06b UsersUsernodejsnpm-cache/_cacache/content-v2/sha1/2b/32/7184e8992101177b28563fb5e7102acd0ca9 UsersUsernodejsnpm-cache/_cacache/content-v2/sha1/2b/56/8b265eec944c6d9c0de9c3dbbbca0354cd8e UsersUsernodejsnpm-cache/_cacache/content-v2/sha1/2b/5b/e23a32b63a7c9deb8d0f28d485724a3df190 UsersUsernodejsnpm-cache/_cacache/content-v2/sha1/2c/63/7fe77c893afd2a663fe21aa9080068e2052a UsersUsernodejsnpm-cache/_cacache/content-v2/sha1/2c/74/b6ee41d93ca51b7b5aaee8f503631d252a73 UsersUsernodejsnpm-cache/_cacache/content-v2/sha1/2d/8e/3e5d0bdbd7327f91bc814f5c57660f81824d UsersUsernodejsnpm-cache/_cacache/content-v2/sha1/2d/cb/d2c287cbc0a55cc42328bd0c736150d53e3f UsersUsernodejsnpm-cache/_cacache/content-v2/sha1/2e/18/ff3d2f49ab2765cec9023f011daa8d8349a1 UsersUsernodejsnpm-cache/_cacache/content-v2/sha1/30/05/7438eac6cf7f8c4767f38648d6697d75c903 UsersUsernodejsnpm-cache/_cacache/content-v2/sha1/30/8a/ccafa0bc483a3867b4b6f2b9506251d1b835 UsersUsernodejsnpm-cache/_cacache/content-v2/sha1/30/a0/b2da38f73770e8294a0d22e6625ed77d0097 UsersUsernodejsnpm-cache/_cacache/content-v2/sha1/31/ab/1ac8b129363463e35b3ebb69f4dfcfba7947 UsersUsernodejsnpm-cache/_cacache/content-v2/sha1/31/ea/21a734bab9bbb0f32466d893aea51e4a3c64 UsersUsernodejsnpm-cache/_cacache/content-v2/sha1/32/5c/59f902f82f24b74faceed0363954f6495e72 UsersUsernodejsnpm-cache/_cacache/content-v2/sha1/32/fc/4b9fcdaf845fcdf7e73bb97cac2261f0ab0a UsersUsernodejsnpm-cache/_cacache/content-v2/sha1/33/34/dc79774368e92f016e6fbc0a88f5cd6e6bc4 UsersUsernodejsnpm-cache/_cacache/content-v2/sha1/33/6c/3efc1220adcedda2c9fab67b5a7955a33658 UsersUsernodejsnpm-cache/_cacache/content-v2/sha1/34/71/de9caec388e5c850e597e58a26ddf37602b2 UsersUsernodejsnpm-cache/_cacache/content-v2/sha1/34/f5/049ce1ecdf2b0649af3ef24e45ed35416d91 UsersUsernodejsnpm-cache/_cacache/content-v2/sha1/35/15/7b101426fd2ffd3da3f75c7d1e91835bbf8a UsersUsernodejsnpm-cache/_cacache/content-v2/sha1/36/4c/5e409d3f4d6301d6c0b4c05bba50180aeb64 UsersUsernodejsnpm-cache/_cacache/content-v2/sha1/37/99/37abc67d7895970adc621f284cd966cf2153 UsersUsernodejsnpm-cache/_cacache/content-v2/sha1/38/38/e97cfc60521eb73c525a8e55bfdd9e2e28f1 UsersUsernodejsnpm-cache/_cacache/content-v2/sha1/38/75/b4b0ef7a52c156f0db41d4609dbb0f94b387 UsersUsernodejsnpm-cache/_cacache/content-v2/sha1/3a/03/edc2214bca3b66424a3e7959349509cb0351 UsersUsernodejsnpm-cache/_cacache/content-v2/sha1/3b/09/924edf9f083c0490fdd4c0bc4421e04764ee UsersUsernodejsnpm-cache/_cacache/content-v2/sha1/3b/3e/54017239842d6d19c3011c4bd2f00a00d154 UsersUsernodejsnpm-cache/_cacache/content-v2/sha1/3d/8a/5c66883a16a30ca8643e851f19baa7797917 UsersUsernodejsnpm-cache/_cacache/content-v2/sha1/3d/8c/add90d976569fa835ab1f8e4b23a105605a7 UsersUsernodejsnpm-cache/_cacache/content-v2/sha1/3e/93/5d7ddd73631b97659956d55128e87b5084a3 UsersUsernodejsnpm-cache/_cacache/content-v2/sha1/3f/4d/ae4a91fac315f71062f8521cc239f1366280 UsersUsernodejsnpm-cache/_cacache/content-v2/sha1/3f/91/365cabe60b77ed0ebba24b454e3e09d95a82 UsersUsernodejsnpm-cache/_cacache/content-v2/sha1/40/86/6b9e1b9e0b55b481894311e68faffaebc522 UsersUsernodejsnpm-cache/_cacache/content-v2/sha1/40/a3/669f3b077d1e943d44629e157dd48023bf2e UsersUsernodejsnpm-cache/_cacache/content-v2/sha1/41/ae/2eeb65efa62268aebfea83ac7d79299b0887 UsersUsernodejsnpm-cache/_cacache/content-v2/sha1/42/90/fad27f13e89be7f33799c6bc5a0abfff0d19 UsersUsernodejsnpm-cache/_cacache/content-v2/sha1/45/0d/4dc9fa70de732762fbd2d4a28981419a0ccf UsersUsernodejsnpm-cache/_cacache/content-v2/sha1/45/26/92cb711d5f79dc7f85e440ce41b9f244d221 UsersUsernodejsnpm-cache/_cacache/content-v2/sha1/45/2b/c5d7ee2ce1b6f92037b05b506cbd656291d0 UsersUsernodejsnpm-cache/_cacache/content-v2/sha1/45/42/a4f49ba0c45c05eb2e9dd9d203e2b8efe0bf UsersUsernodejsnpm-cache/_cacache/content-v2/sha1/45/d1/b7e506c717ddd482775a2b77920a3c0c57a7 UsersUsernodejsnpm-cache/_cacache/content-v2/sha1/46/a9/cbd7edcc62c8e5c064e2d2d8d0f4035766ee UsersUsernodejsnpm-cache/_cacache/content-v2/sha1/46/c3/fec8c1892b12b0833db9bc7622176dbab34b UsersUsernodejsnpm-cache/_cacache/content-v2/sha1/47/68/8cb99bb6804f0e06d3e763b1c32e57d8e6b6 UsersUsernodejsnpm-cache/_cacache/content-v2/sha1/48/29/c877e9fe49b3161f3bf3673888e204699860 UsersUsernodejsnpm-cache/_cacache/content-v2/sha1/48/7e/080a5a7798880e68e90def9b06681fb13bd2 UsersUsernodejsnpm-cache/_cacache/content-v2/sha1/49/bd/6331d7d02d0c09bc910a1075ba8165b56df9 UsersUsernodejsnpm-cache/_cacache/content-v2/sha1/49/ca/0293e0b19590a5f5de10c7f265a617d8fe54 UsersUsernodejsnpm-cache/_cacache/content-v2/sha1/49/d0/38837b8dcf8bfa5b9a42139938e6ea2ae240 UsersUsernodejsnpm-cache/_cacache/content-v2/sha1/4a/52/82ac164729e93619bcfd3ad151f817ce91f5 UsersUsernodejsnpm-cache/_cacache/content-v2/sha1/4b/0d/a1442104d1b336340e80797e865cf39f7d72 UsersUsernodejsnpm-cache/_cacache/content-v2/sha1/4b/47/5760ff80264c762c3a1719032e91c7fea0d1 UsersUsernodejsnpm-cache/_cacache/content-v2/sha1/4b/c0/373c164bc3291b4d368c829cf1a80a59dca0 UsersUsernodejsnpm-cache/_cacache/content-v2/sha1/4e/43/1e92b11a9731636aa1f9c8d1ccbcfdab78df UsersUsernodejsnpm-cache/_cacache/content-v2/sha1/4f/54/a02d6cd66cf915280019a31d31925377ca2e UsersUsernodejsnpm-cache/_cacache/content-v2/sha1/4f/b9/49441dab182540f1fe035ba60e1947a5e57e UsersUsernodejsnpm-cache/_cacache/content-v2/sha1/50/2a/b54874d7db88ad00b887a06383ce03d002f1 UsersUsernodejsnpm-cache/_cacache/content-v2/sha1/51/09/d62f3e56ea967c4b63505aef08291c8a5203 UsersUsernodejsnpm-cache/_cacache/content-v2/sha1/51/af/7d614ad9a9f610ea1bafbb989d6b1c56890f UsersUsernodejsnpm-cache/_cacache/content-v2/sha1/52/14/c53a926d3552707527fbab415dbc08d06dda UsersUsernodejsnpm-cache/_cacache/content-v2/sha1/52/65/c681a4f294dabbf17c9509b6763aa84510ce UsersUsernodejsnpm-cache/_cacache/content-v2/sha1/53/5d/045ce6b6363fa40117084629995e9df324c7 UsersUsernodejsnpm-cache/_cacache/content-v2/sha1/54/05/72d34f7ac3119f8f76c30cbc1b1e037affbe UsersUsernodejsnpm-cache/_cacache/content-v2/sha1/54/38/cd2ea93b202efa3a19fe8887aee7c94f9c9d UsersUsernodejsnpm-cache/_cacache/content-v2/sha1/55/29/a4d67654134edcc5266656835b0f851afcee UsersUsernodejsnpm-cache/_cacache/content-v2/sha1/56/08/aeadfc00be6c2901df5f9861788de0d597c8 UsersUsernodejsnpm-cache/_cacache/content-v2/sha1/57/ac/351ab49caf14a97cd13b09f66fdf0a625f2b UsersUsernodejsnpm-cache/_cacache/content-v2/sha1/57/cc/db7a0821df21831217a3cad54e3e146a1025 UsersUsernodejsnpm-cache/_cacache/content-v2/sha1/58/3b/1aa775961d4b113ac17d9c50baef9dd76bd1 UsersUsernodejsnpm-cache/_cacache/content-v2/sha1/58/54/dff74b73fc06efcb61d7b721a8113d99be92 UsersUsernodejsnpm-cache/_cacache/content-v2/sha1/58/84/cab512cf1d355e3fb784f30804b2b520db72 UsersUsernodejsnpm-cache/_cacache/content-v2/sha1/59/0c/61156b0ae2f4f0255732a158b266bc56b21d UsersUsernodejsnpm-cache/_cacache/content-v2/sha1/59/66/7f41fadd4f20ccbc2bb96b8d4f7f78ec0367 UsersUsernodejsnpm-cache/_cacache/content-v2/sha1/59/c4/4f7ee491da704da415da5a4070ba4f8fe441 UsersUsernodejsnpm-cache/_cacache/content-v2/sha1/5a/4c/58a50c9c9461e564b4b2a3bfabc97a2584db UsersUsernodejsnpm-cache/_cacache/content-v2/sha1/5a/5b/53af4693110bebb0867aa3430dd3b70a1018 UsersUsernodejsnpm-cache/_cacache/content-v2/sha1/5b/29/2198ffdd553b3a0f20ded0592b956955c8b4 UsersUsernodejsnpm-cache/_cacache/content-v2/sha1/5b/33/bd66f013b1a7f86460b03d463dec39ad3ea0 UsersUsernodejsnpm-cache/_cacache/content-v2/sha1/5c/71/c34cb5bad5dcebe3ea0cd08207ba5aa1aea4 UsersUsernodejsnpm-cache/_cacache/content-v2/sha1/5d/7e/a45bbef9e4a6ff65f95438e0a87c357d5a73 UsersUsernodejsnpm-cache/_cacache/content-v2/sha1/5e/47/4793f7ea9843d1bb99c23eef49ff126fff39 UsersUsernodejsnpm-cache/_cacache/content-v2/sha1/5e/ab/50b28afe58074d0d58291388828b5e5fbc98 UsersUsernodejsnpm-cache/_cacache/content-v2/sha1/5e/d3/ccd636551097383465d996199100e86161e9 UsersUsernodejsnpm-cache/_cacache/content-v2/sha1/5f/c8/686847ecd73499403319a6b0a3f3f6ae4918 UsersUsernodejsnpm-cache/_cacache/content-v2/sha1/60/80/9c39cbff55337226fd5e0b520f341f1fb5c6 UsersUsernodejsnpm-cache/_cacache/content-v2/sha1/61/1c/23e814db375527df851193db59dd2af27f45 UsersUsernodejsnpm-cache/_cacache/content-v2/sha1/61/33/9b722fe6a3515689210d24e14c96148613ef UsersUsernodejsnpm-cache/_cacache/content-v2/sha1/61/d4/eab024f909c4e6ea52be867c4894a4beeb76 UsersUsernodejsnpm-cache/_cacache/content-v2/sha1/62/19/a85616520491f35788bdbf1447a99c7e6b0e UsersUsernodejsnpm-cache/_cacache/content-v2/sha1/62/a0/2872dec2306c0cfb941f73a80bae1ee29a58 UsersUsernodejsnpm-cache/_cacache/content-v2/sha1/62/b1/10e289a471418e3ec36a617d472e301dfc89 UsersUsernodejsnpm-cache/_cacache/content-v2/sha1/62/e2/03bc41766c6c28c9fc84301dab1c5310fa94 UsersUsernodejsnpm-cache/_cacache/content-v2/sha1/63/3c/2c83e3da42a502f52466022480f4208261de UsersUsernodejsnpm-cache/_cacache/content-v2/sha1/63/fd/43f7dc1e3bb7ce35947db8fe369a3f58c74b UsersUsernodejsnpm-cache/_cacache/content-v2/sha1/64/5f/c4adf58b72b649d5cae65135619db26ff143 UsersUsernodejsnpm-cache/_cacache/content-v2/sha1/65/98/fb7d784b6ff348e3df7c104b0d9c27ea5275 UsersUsernodejsnpm-cache/_cacache/content-v2/sha1/65/ac/0504b3954171d8a64946b2ae3cbb8a5f54f6 UsersUsernodejsnpm-cache/_cacache/content-v2/sha1/65/c7/d73d4c4da84d4f3ac310b918fb0b8033733b UsersUsernodejsnpm-cache/_cacache/content-v2/sha1/66/26/6ee5f9bdb9940a4e4514cafb43bb71e5c9db UsersUsernodejsnpm-cache/_cacache/content-v2/sha1/67/6f/6eb3c39997c2ee1ac3a924fd6124748f578d UsersUsernodejsnpm-cache/_cacache/content-v2/sha1/69/24/8673410b4ba42e1a6136551d2922335aa773 UsersUsernodejsnpm-cache/_cacache/content-v2/sha1/6a/12/2deaa3cbd7b9bedc13e7c8dd20a90951aaa3 UsersUsernodejsnpm-cache/_cacache/content-v2/sha1/6a/38/5fb8853d952d5ff05d0e8aaf94278dc63dcf UsersUsernodejsnpm-cache/_cacache/content-v2/sha1/6b/2e/9822b1a2ce0a60ab64d610eccad53cb24d0f UsersUsernodejsnpm-cache/_cacache/content-v2/sha1/6c/01/6adeac554f75823fe37ac05b92d5a4edb1f7 UsersUsernodejsnpm-cache/_cacache/content-v2/sha1/6d/15/fba884c08679c0d77e88e7759e811e07fa41 UsersUsernodejsnpm-cache/_cacache/content-v2/sha1/6d/1b/b601b07a4efced97094132093027c95bc298 UsersUsernodejsnpm-cache/_cacache/content-v2/sha1/6d/61/de95d91dfca9b9a02089ad384bff8f62b771 UsersUsernodejsnpm-cache/_cacache/content-v2/sha1/6e/09/24d6bda6b5afe349e39a6d632850a0f882b7 UsersUsernodejsnpm-cache/_cacache/content-v2/sha1/6e/d0/21173e2fcb486d7acb45c6009a856f647071 UsersUsernodejsnpm-cache/_cacache/content-v2/sha1/6f/e2/a8d16895d5634f4cd999b6d3480a308159b3 UsersUsernodejsnpm-cache/_cacache/content-v2/sha1/70/89/78624d856af41a5a741defdd261da752c266 UsersUsernodejsnpm-cache/_cacache/content-v2/sha1/71/76/5e6aa59311181798f90181bdecc78364b408 UsersUsernodejsnpm-cache/_cacache/content-v2/sha1/71/7b/8f220cc0bb7b44e40514c22b2e8bbc70d8b9 UsersUsernodejsnpm-cache/_cacache/content-v2/sha1/72/55/6b80cfa0d48a974e80e77248e80ed4f7f870 UsersUsernodejsnpm-cache/_cacache/content-v2/sha1/73/32/300e840161bda3e69a1d1d91a7d4bc16f182 UsersUsernodejsnpm-cache/_cacache/content-v2/sha1/73/37/f058fbbbbefa8c9f561a28cab0849202c988 UsersUsernodejsnpm-cache/_cacache/content-v2/sha1/73/44/cbb8b6e26fb27d66b2fc86f9f6d5997521c6 UsersUsernodejsnpm-cache/_cacache/content-v2/sha1/73/92/6771923b5a19747ad666aa5cd4bf9c6e9ce8 UsersUsernodejsnpm-cache/_cacache/content-v2/sha1/73/eb/3d310ca969e3ef9ec91c53741a6f1576423e UsersUsernodejsnpm-cache/_cacache/content-v2/sha1/75/f1/6642b480f187a711c814161fd3a4a7655898 UsersUsernodejsnpm-cache/_cacache/content-v2/sha1/76/13/c778a1afea62f25c630a086d7f3acbbdd818 UsersUsernodejsnpm-cache/_cacache/content-v2/sha1/76/9e/baaf3f4a63aad3af9e8d304c9bbe79bfb0e6 UsersUsernodejsnpm-cache/_cacache/content-v2/sha1/77/3b/0524506f472e710d3f43ef67c19ca2285423 UsersUsernodejsnpm-cache/_cacache/content-v2/sha1/77/c9/9840527aa8ecb1a8ba697b80645a7a926a9d UsersUsernodejsnpm-cache/_cacache/content-v2/sha1/78/2e/c21ef403345f830a808ca3d513af56065208 UsersUsernodejsnpm-cache/_cacache/content-v2/sha1/79/8e/689778151c8076b4b360e5edd28cda2bb468 UsersUsernodejsnpm-cache/_cacache/content-v2/sha1/7a/fb/1afe50805246489e3db7fe0ed379336ac0f9 UsersUsernodejsnpm-cache/_cacache/content-v2/sha1/7b/1f/58bada62ca827ec0a2078025654845995e1f UsersUsernodejsnpm-cache/_cacache/content-v2/sha1/7c/3d/a62ffcb30f0f5a80a2566ca24e45d8a01f31 UsersUsernodejsnpm-cache/_cacache/content-v2/sha1/7c/80/c17b9dfebe599e27367e0d4dd5590141db38 UsersUsernodejsnpm-cache/_cacache/content-v2/sha1/7d/22/9b1fcc637e466ca081180836a7aabff83f43 UsersUsernodejsnpm-cache/_cacache/content-v2/sha1/7d/a8/cf2e26628ed732803581fd21f67cacd2eeec UsersUsernodejsnpm-cache/_cacache/content-v2/sha1/7d/b0/8f9d3d22dc7f78e53af3c3bf4666ecdfccf1 UsersUsernodejsnpm-cache/_cacache/content-v2/sha1/7e/32/f75b41381291d04611f1bf14109ac00651d7 UsersUsernodejsnpm-cache/_cacache/content-v2/sha1/7e/7d/858b781bd7c991a41ba975ed3812754e998c UsersUsernodejsnpm-cache/_cacache/content-v2/sha1/7e/e8/f84dc6fa792d3fd0ae228d24bd949ead205c UsersUsernodejsnpm-cache/_cacache/content-v2/sha1/80/20/4a50d4dbb779bfdc6ebe2778d90e4bce320a UsersUsernodejsnpm-cache/_cacache/content-v2/sha1/81/06/8d295a8142ec0ac726c6e2200c30fb6d5e80 UsersUsernodejsnpm-cache/_cacache/content-v2/sha1/81/38/3d72db054fcccf5336daa902f182f6edbb28 UsersUsernodejsnpm-cache/_cacache/content-v2/sha1/81/5e/d1f6ebc65926f865b310c0713bcb3315ce4b UsersUsernodejsnpm-cache/_cacache/content-v2/sha1/82/dc/336d232b9062179d05ab3293a66059fd435d UsersUsernodejsnpm-cache/_cacache/content-v2/sha1/83/4c/89853bc36b1af0f3a4c5dbaa94fd8eacaa8b UsersUsernodejsnpm-cache/_cacache/content-v2/sha1/83/76/873f7d2335179ffb1e6fc3a8ed0dfc8ab559 UsersUsernodejsnpm-cache/_cacache/content-v2/sha1/85/7f/cabfc3397d2625b8228262e86aa7a011b05d UsersUsernodejsnpm-cache/_cacache/content-v2/sha1/85/98/2878e21b98e1c66425e03d0174788f569ee8 UsersUsernodejsnpm-cache/_cacache/content-v2/sha1/86/67/7c97d1720b363431d04d0d15293bd38c1565 UsersUsernodejsnpm-cache/_cacache/content-v2/sha1/86/7a/a4b093faa05f1de08c06f4d7b21fdf8698bc UsersUsernodejsnpm-cache/_cacache/content-v2/sha1/86/7a/c74e3864187b1d3d47d996a78ec5c8830777 UsersUsernodejsnpm-cache/_cacache/content-v2/sha1/87/10/d7af0aa626f8fffa1ce00168545263255748 UsersUsernodejsnpm-cache/_cacache/content-v2/sha1/87/a1/0ac4c1694bd2e1cbf53591a66141fb5dd747 UsersUsernodejsnpm-cache/_cacache/content-v2/sha1/88/a2/bab73d1cf7bcd5c1b118a003f66f665fa662 UsersUsernodejsnpm-cache/_cacache/content-v2/sha1/89/74/9c63b058d7d90d619f86b98aa1535d3b97f0 UsersUsernodejsnpm-cache/_cacache/content-v2/sha1/89/85/08da2226f380df904728456849c1501a4b0d UsersUsernodejsnpm-cache/_cacache/content-v2/sha1/89/b4/d199ab2bee49de164ea02b89ce462d71b767 UsersUsernodejsnpm-cache/_cacache/content-v2/sha1/8a/03/9d2d1021d22d1ea14c80d8ea468ba2ef3fcc UsersUsernodejsnpm-cache/_cacache/content-v2/sha1/8a/18/acfca9a8f4177e09abfc6038939b05d1eedf UsersUsernodejsnpm-cache/_cacache/content-v2/sha1/8b/12/dab878c0d69e3e7891051662a32fc6bddcc1 UsersUsernodejsnpm-cache/_cacache/content-v2/sha1/8b/3a/ac588b8a66e4975e3cdea67f7bb329601fac UsersUsernodejsnpm-cache/_cacache/content-v2/sha1/8b/55/680bb4be283a0b5bf4ea2e38580be1d9320d UsersUsernodejsnpm-cache/_cacache/content-v2/sha1/8c/64/ad5fd30dab1c976e2344ffe7f792a6a6df42 UsersUsernodejsnpm-cache/_cacache/content-v2/sha1/8d/ca/e470e1c88abc2d600fff4a776286da75e637 UsersUsernodejsnpm-cache/_cacache/content-v2/sha1/8f/3b/827f955a8bd669697e4a4256ac3ceae356cf UsersUsernodejsnpm-cache/_cacache/content-v2/sha1/8f/77/82aa93407c41d3aa50908f89b031b1b6853d UsersUsernodejsnpm-cache/_cacache/content-v2/sha1/8f/90/341e68a53ccc928788dacfcd11b36eb9b78e UsersUsernodejsnpm-cache/_cacache/content-v2/sha1/91/b4/792588a7738c25f35dd6f63752a2f8776135 UsersUsernodejsnpm-cache/_cacache/content-v2/sha1/92/5d/2601d39ac485e091cf0da5c6e694dc3dcaff UsersUsernodejsnpm-cache/_cacache/content-v2/sha1/93/41/0fd21b009735151f8868c2f271f3427e23fd UsersUsernodejsnpm-cache/_cacache/content-v2/sha1/95/69/05708d58b4bab4c2261b04f59f31c99374c0 UsersUsernodejsnpm-cache/_cacache/content-v2/sha1/95/b0/b63fec2146619a6fe57fe75628d5a39efe4f UsersUsernodejsnpm-cache/_cacache/content-v2/sha1/96/53/a036fb7c1ee42342f2325cceefea3926c48d UsersUsernodejsnpm-cache/_cacache/content-v2/sha1/96/5c/7058668e82b55d7bfe04ff2337bc8b5647fe UsersUsernodejsnpm-cache/_cacache/content-v2/sha1/96/e3/b70d5779f6ad49cd032673d1c312767ba581 UsersUsernodejsnpm-cache/_cacache/content-v2/sha1/97/88/57442c44749e4206613e37946205826abd80 UsersUsernodejsnpm-cache/_cacache/content-v2/sha1/97/f7/17b69d48784f5f526a6c5aa8ffdda055a4d1 UsersUsernodejsnpm-cache/_cacache/content-v2/sha1/98/66/df395102130e38f7f996bceb65443209c25b UsersUsernodejsnpm-cache/_cacache/content-v2/sha1/98/c2/3dab1175657b8c0573e8ceccd91b0ff18c84 UsersUsernodejsnpm-cache/_cacache/content-v2/sha1/99/7b/b1f1ab967f682d2b0876fe358d60e765c56d UsersUsernodejsnpm-cache/_cacache/content-v2/sha1/99/91/2d591836b5a6f5b345c0f07eefc08fc65d91 UsersUsernodejsnpm-cache/_cacache/content-v2/sha1/99/eb/050093b34dffade421b9ac0b410a9cfa17cf UsersUsernodejsnpm-cache/_cacache/content-v2/sha1/9a/5f/699051b1e7073328f2a008968b64ea2955d2 UsersUsernodejsnpm-cache/_cacache/content-v2/sha1/9b/b5/304d2e0b56698b2c758b08a3eaa9daa58a39 UsersUsernodejsnpm-cache/_cacache/content-v2/sha1/9b/cd/52e14c097763e749b274c4346ed2e560b5a9 UsersUsernodejsnpm-cache/_cacache/content-v2/sha1/9d/63/c13276c065918d57f002a57f40a1b643fb02 UsersUsernodejsnpm-cache/_cacache/content-v2/sha1/9d/9e/793165ce017a00f00418c43f942a7b1d11fa UsersUsernodejsnpm-cache/_cacache/content-v2/sha1/9e/bd/b7635ad099c70dcc4c2a1f5004288e8bd924 UsersUsernodejsnpm-cache/_cacache/content-v2/sha1/9e/c6/1f79049875707d69414596fd907a4d711e73 UsersUsernodejsnpm-cache/_cacache/content-v2/sha1/9f/60/553bc5ce8c3386f3b553cff47462adecaa79 UsersUsernodejsnpm-cache/_cacache/content-v2/sha1/9f/95/710f50a267947b2ccc124741c1028427e713 UsersUsernodejsnpm-cache/_cacache/content-v2/sha1/a1/d7/8fc3a50474cb80845d3b3b6e1da49a446e8e UsersUsernodejsnpm-cache/_cacache/content-v2/sha1/a1/d9/7ccafcbc2625cc70fadceb36a50c58b01a53 UsersUsernodejsnpm-cache/_cacache/content-v2/sha1/a2/99/effd335fe2721ebae8e257ec79644fc85337 UsersUsernodejsnpm-cache/_cacache/content-v2/sha1/a3/50/08b20f41383eec1fb914f4cd5df79a264284 UsersUsernodejsnpm-cache/_cacache/content-v2/sha1/a3/7d/94ed9cda2d59865c9f76fe596ee1f338741e UsersUsernodejsnpm-cache/_cacache/content-v2/sha1/a3/99/92d723584811982be5e290bb6a53d86700f1 UsersUsernodejsnpm-cache/_cacache/content-v2/sha1/a3/b0/73f94ab49eb6fa55cd65227a334380632497 UsersUsernodejsnpm-cache/_cacache/content-v2/sha1/a3/d5/da6cd5c0bc0008d37234bbaf1bed63059107 UsersUsernodejsnpm-cache/_cacache/content-v2/sha1/a5/8d/0df042c186fcf822a8e8015f5450d2d79a8b UsersUsernodejsnpm-cache/_cacache/content-v2/sha1/a5/c6/d532be656e23db820efb943a1f04998d63af UsersUsernodejsnpm-cache/_cacache/content-v2/sha1/a5/f5/6dab41a25f97ecb498c7ebaca9819f95be5f UsersUsernodejsnpm-cache/_cacache/content-v2/sha1/a6/a2/f32ffd2dfb04f5ca25ecd0f6b83cf798a1e1 UsersUsernodejsnpm-cache/_cacache/content-v2/sha1/a8/11/5c55e4a702fe4d150abd3872822a7e09fc98 UsersUsernodejsnpm-cache/_cacache/content-v2/sha1/a8/19/59c31ecf5caa0f3dcc325c28ed90b830aa90 UsersUsernodejsnpm-cache/_cacache/content-v2/sha1/a8/4b/3450f7e9f8f1f6839d6d687da84bb1236d8d UsersUsernodejsnpm-cache/_cacache/content-v2/sha1/a8/94/b75d4bc4f6cd679ef3244a9fd8f46ae2d428 UsersUsernodejsnpm-cache/_cacache/content-v2/sha1/a9/e1/2cb3ae8d876727eeef3843f8a0897b5c98d6 UsersUsernodejsnpm-cache/_cacache/content-v2/sha1/aa/0d/32629b6ee972200411cbd4461c907bc2b7ad UsersUsernodejsnpm-cache/_cacache/content-v2/sha1/aa/4e/b68e5d7b658baa6bf6a57e630cbd7a93d298 UsersUsernodejsnpm-cache/_cacache/content-v2/sha1/aa/b1/a1fa30d45f88dd321148875ac02c0b55e5b4 UsersUsernodejsnpm-cache/_cacache/content-v2/sha1/ac/46/8177c4943405a092fc8f29760c6ffc6206c0 UsersUsernodejsnpm-cache/_cacache/content-v2/sha1/ac/99/7e6285cd18ed6176adb607d602344ad38468 UsersUsernodejsnpm-cache/_cacache/content-v2/sha1/ad/3f/f4c86ec2d029322f5a02c3a9a606c95b3f59 UsersUsernodejsnpm-cache/_cacache/content-v2/sha1/af/67/f2dc922582415950926091a4005d29c9bb44 UsersUsernodejsnpm-cache/_cacache/content-v2/sha1/b0/0a/aa556dd8b44568150ec9d1b953f3f90cbb61 UsersUsernodejsnpm-cache/_cacache/content-v2/sha1/b1/7d/08d326b4423e568eff719f91b0b1cbdf69f1 UsersUsernodejsnpm-cache/_cacache/content-v2/sha1/b2/09/849203bb25df820da756e747005878521620 UsersUsernodejsnpm-cache/_cacache/content-v2/sha1/b2/45/79c3bed4d6d396aeee6d9a8ae7f5482ab7bb UsersUsernodejsnpm-cache/_cacache/content-v2/sha1/b2/bf/4ee8514aae6165b4817829d21b2ef49904ec UsersUsernodejsnpm-cache/_cacache/content-v2/sha1/b2/c3/76cfb11f35513badd173ef0bb6e3a388391c UsersUsernodejsnpm-cache/_cacache/content-v2/sha1/b3/22/4148f97b65ae4296b5054984f2276056b124 UsersUsernodejsnpm-cache/_cacache/content-v2/sha1/b3/63/e55e8006ca6fe21784d2db22bd15d7917f14 UsersUsernodejsnpm-cache/_cacache/content-v2/sha1/b3/69/d6fb5dbc13eecf524f91b070feedc357cf34 UsersUsernodejsnpm-cache/_cacache/content-v2/sha1/b4/32/dd3358b634cf75e1e4664368240533c1ddbe UsersUsernodejsnpm-cache/_cacache/content-v2/sha1/b5/24/3d8f3ec1aa35f1364605bc0d1036e30ab69f UsersUsernodejsnpm-cache/_cacache/content-v2/sha1/b5/a9/c9020243f0c70e4675bec8223bc627e415ce UsersUsernodejsnpm-cache/_cacache/content-v2/sha1/b5/d4/54dc2199ae225699f3467e5a07f3b955bafd UsersUsernodejsnpm-cache/_cacache/content-v2/sha1/b5/fd/54220aa2bc5ab57aab7140c940754503c1a7 UsersUsernodejsnpm-cache/_cacache/content-v2/sha1/b7/77/35e315ce30f6b6eff0f83b04151a22449622 UsersUsernodejsnpm-cache/_cacache/content-v2/sha1/b7/96/69bb42ecb409f83d583cad52ca17eaa1643f ,300
Add comment to interface for convenience.,2019-03-15,Merged,374,65,0,,1
Adding example for LSTM with multiple output,2019-03-25,Merged,373,55,0,,1
"fixed ""this.log"" => ""console.log""",2019-02-19,Closed,361,2,2,,1
Fix #354: Update learn-math example to fix learning data and calculate error on test,2019-02-11,Merged,355,30,24,js ,2
fix: Ensure property is own when iterating over nodes object,2019-02-19,Merged,349,5,3,,1
Added a visualisation of code evolution,2019-02-12,Closed,344,9,0,,0
Appeal about W3C standardization process,2019-10-04,Merged,338,14,0,,0
Fixed comma in code in the README,2018-12-31,Merged,332,1,1,,0
Small error fix in readme svg section,2018-12-31,Merged,330,1,1,,0
Small error fix in readme svg section,2018-12-29,Closed,329,1,1,,0
docs: Add a link to the free scrimba course,2018-12-27,Merged,325,2,0,,0
Fix broken link in readme,2018-12-26,Merged,324,1,1,,0
Fixed broken link in readme,2018-12-26,Closed,323,1,1,,0
fix: Change `value.target` to `value.output` and add tests,2018-12-24,Merged,322,55,7,map ,6
315 fix json activation,2018-12-24,Merged,319,"16,010","15,593",map ,10
svg network rendering 2,2018-12-17,Merged,313,"24,429","16,783",js map ,10
fix: toJSON & toFunction for NeuralNetworkGPU class,2018-11-26,Merged,312,194,37,js map json ,10
Rnn time step cross validate,2018-11-30,Merged,311,"4,657","1,440",,0
svg network rendering,2018-12-01,Closed,309,"24,871","16,783",js map ,9
Rnn time step input handling & forecast and GPU fallback mode fix,2018-11-18,Merged,305,"5,337","1,430",,0
fix: GPU and add official test for it,2018-11-18,Merged,304,121,169,,1
Leaky relu alpha option,2018-11-13,Merged,303,14,5,,2
Update DataFormatter.fromJSON to include specialIndexes,2018-11-13,Merged,302,1,0,,1
fix: Resolve issue with different size hidden layers for recurrent ne…,2018-11-04,Merged,295,50,27,map json ,7
A few fixes,2018-11-04,Merged,293,"16,004","15,370",js map ,11
fix: Fix CrossValidate to have tests for when data too small,2018-10-02,Merged,281,85,53,json js map ts ,13
Fix options is undefined!,2018-09-27,Merged,280,13,14,js map ,7
Fix #276 - Add praxis and simple bitwise training,2018-09-26,Merged,277,275,15,map json ,7
"Cleanup api for TrainStream, CrossValidate, and Typescript",2018-09-20,Merged,275,"17,821","16,502",,0
Refactor Neural Networks,2018-11-20,Closed,273,"3,421","1,928",map ,6
fix: Remove script causing failure.,2018-08-30,Merged,270,6,9,json ,3
267 auto remove special characters,2018-08-30,Merged,268,23,28,map json ,6
fix: Error rate scale,2018-08-10,Merged,261,12,12,map json ,7
fix: Rnn log,2018-08-10,Merged,259,1,1,,1
fix: Resolve `toFunction`,2018-08-10,Merged,257,66,16,,2
Fix typos in Readme,2018-08-01,Merged,251,2,2,,0
Mubaidr develop,2018-07-24,Merged,247,"20,621","18,660",js json md ,5
Update readme,2018-07-27,Merged,246,48,46,,0
Fix missing config parameter in Read-me: https://github.com/BrainJS/brain.js/issues/234,2018-07-19,Merged,244,1,1,,0
Streaming Attempted Fix: https://github.com/BrainJS/brain.js/issues/239,2018-09-26,Closed,243,"1,333","1,041",,0
Attempted Fix for Streaming,2018-07-19,Closed,242,41,3,json ,1
Provide fix for #217 unrecognized handler,2018-07-18,Merged,241,"14,550","13,492",js map json ,10
Activating Open Collective,2018-07-16,Merged,240,41,3,json ,1
Develop,2018-07-05,Merged,230,86,25,js ,5
Update build scripts,2018-06-30,Merged,225,"57,515","31,678",editorconfig eslintignore js gitignore npmignore prettierrc yml md ,8
Typings + typescript examples,2018-06-11,Merged,221,198,3,json js ,6
chore: update CI config,2018-06-10,Merged,219,5,6,,1
Support NeuralNetwork.toFunction() when relu or leaky-relu is the activation function,2018-08-10,Closed,216,9,3,,1
Add dependency note on cairo.,2018-07-20,Closed,215,4,0,,0
Added some docs to simplify getting started,2018-04-30,Merged,203,18,1,,0
Minor constructor change to make code more consistent,2018-04-30,Merged,202,1,4,,1
Fixed typo,2018-04-26,Merged,201,1,1,,0
fix #199 - Properly export on es5 module,2018-04-25,Merged,200,596,222,,0
added example of recommendation engine (favorite t-shirts),2018-04-20,Merged,196,230,0,html js ,18
Partially fix #188.  Add missing api documentation to readme.,2018-04-21,Merged,194,36,0,,0
Add Time Step Recurrent Neural Network,2018-04-21,Merged,193,900,31,js map ,8
Join Slack Community: Briim - Machine Learning in JavaScript,2018-04-21,Merged,190,2,0,,0
Added clean script,2018-04-10,Merged,184,4,2,,1
Add react-native exmaples of working with brain.js,2018-04-04,Closed,183,"3,337",0,babelrc buckconfig flowconfig gitattributes watchmanconfig js json ,12
Update README.md,2018-03-28,Merged,175,12,11,,0
Fix misspellings,2018-03-27,Merged,174,5,5,,0
fix: typo,2018-03-23,Merged,170,1,1,,0
Fix #139 - Train data to textures,2018-03-14,Merged,164,"9,566","6,845",map ,4
Fixes issue 160,2018-03-05,Merged,162,579,312,map json ,7
"fix legacy to support when no trainOpts are sent in, with test",2018-03-04,Merged,161,67,87,js map ,5
Fixing broken link in readme,2018-02-18,Merged,157,2,2,,0
"# If applied, this commit will make life better for everyone",2018-02-18,Merged,155,82,217,,4
fix #152 and bump version number,2018-02-11,Merged,153,143,213,js map ,7
Catchup GPU Networks,2018-02-05,Merged,151,32,32,map ,7
Training Quality Object,2018-11-20,Closed,150,807,139,,0
Add common .npmignore to exclude development files,2018-02-05,Merged,149,10,0,,1
Handles User Object Validation #142,2018-02-18,Merged,148,"11,608","11,295",js map ,6
"Set globals for window, self, and module",2018-02-02,Merged,147,217,138,,0
Make training methods DRY,2018-02-02,Merged,145,"11,603","11,550",,0
Making trainingOption updater/getter less rigid,2018-02-02,Merged,141,75,178,,1
Options update,2018-01-30,Merged,137,"12,405","11,957",,0
Error logging for run() called prior to train(),2018-01-29,Merged,136,"11,774","11,584",map ,8
Updates the readme to include the async training,2018-01-28,Merged,134,35,0,,0
V1.0.3 prep,2018-01-26,Merged,133,299,110,json js map ,7
use Float32Array where we can improving performance,2018-01-26,Closed,132,26,28,,4
resolve lookup and set for importing values from json,2018-01-26,Merged,131,117,63,,8
Fix multiple run issue,2018-01-19,Merged,127,21,12,map ,8
Add a small browser test and automated runner script,2018-01-28,Merged,125,44,0,js html ,3
Use Browserify standalone option for browser build,2018-01-30,Merged,124,3,7,json ,2
Templates for issues and pull requests,2018-01-26,Merged,122,65,0,,0
Fix for #102 gpu exploding,2018-01-14,Merged,121,262,314,,1
This adds thaw.js,2018-01-27,Merged,118,"12,795","11,848",map json ,5
fix #116 and bump version number,2018-01-10,Merged,117,212,182,,0
change data.constructor !== Array to Array.isArray,2017-12-27,Merged,105,251,264,map json ,12
Nn gpu,2017-12-25,Merged,101,998,13,map ,2
Added link to tutorial,2017-10-20,Merged,100,3,1,,0
opts.learningRate for train-stream,2017-09-23,Closed,95,2,1,,1
Updated link to color contrast demo,2017-09-14,Merged,94,2,2,,0
Use the most negative possible value in pool,2017-09-14,Merged,93,2,2,,1
82 reinforce,2017-09-03,Merged,90,475,118,,0
Document activation functions,2017-09-03,Merged,89,20,6,,0
Other activation functions,2017-09-03,Merged,87,187,7,,1
Fixing bad function creation inside loop neural-network-gpu,2017-12-27,Closed,79,20,"9,030",,1
Fix logo,2017-07-21,Merged,76,1,1,,0
Refine and vectorize logo,2017-07-21,Merged,75,12,1,png svg ,2
Format README.md,2017-07-10,Merged,74,34,25,,0
Unique elements in array using Set,2017-06-12,Merged,70,3,8,,1
Array check and tests,2017-06-10,Merged,69,60,1,,5
Rewrite utility functions using ES6 and functional programming concepts,2017-06-09,Closed,68,88,20,,11
fix/remove-extra-checks,2017-06-03,Merged,67,4,6,,1
Update README.md,2017-03-17,Merged,66,2,0,,0
toExpresseion() method added,2016-12-29,Merged,56,23,0,,1
Rnn `train` simplification,2016-12-28,Merged,48,"1,174",571,map ,10
fix export error,2016-12-24,Merged,45,179,199,js map json ,14
Fix broken link in README,2016-12-22,Merged,44,1,1,,0
Remove moot version parameter,2016-12-21,Merged,43,0,1,,1
Update README.md,2016-12-21,Merged,42,1,1,,0
"changed flood function in stream-example, for loop to '<=' from '<' s…",2016-12-28,Closed,33,1,3,,1
"Recurrent neural network additions (rnn, lstm, and gru)",2016-12-06,Merged,29,"10,336",485,js json ,3
"es6, here we come",2016-09-07,Merged,28,"6,334","3,333",js json ,3
Another example to README,2016-07-25,Merged,19,8,0,,0
Closes #17,2016-07-10,Merged,18,"5,541",379,LICENSE md json ,3
"Closes #2, move likely into a utility singleton",2016-06-06,Merged,15,125,77,js ,4
fixes #13 by adding option keepNetworkIntact,2016-05-28,Merged,14,16,8,,1
Dependency version bumps fixing issue #7 and #9,2016-05-04,Merged,8,13,7,json js ,2
update npm install name in README,2016-05-22,Merged,6,1,1,,0
Clearly state this is not the original repository.,2016-03-07,Merged,3,5,1,,0
