Catch undefined with 0,2019-08-13,Merged,2073,6,6,,1
code changes to fix issue #1522,2019-07-22,Closed,2072,9,2,,1
Issue #2064: Bootstrap psirt update,2019-03-27,Merged,2066,10,2,json ,2
Issue #2064 - Bootstrap PSIRT,2019-03-26,Closed,2065,673,289,json css zip js ,6
W-5234018 - Fix XSS vulnerability in email admin screen,2018-08-01,Merged,2049,4,1,js ,2
Prevent infinite scroll from fetching all pages,2018-04-17,Merged,2039,5,0,,1
move eslint packages to dev deps. fixes #2035,2018-02-19,Merged,2036,"3,928",566,,0
Fix an infinite scroll bug,2018-01-31,Merged,2034,6,4,,1
Infinite Scroll: Keep fetching until repeater needs to scroll,2018-01-30,Merged,2033,21,1,,3
Update jquery to the latest version ğŸš€,2018-02-19,Merged,2031,0,0,,0
Update bootstrap to the latest version ğŸš€,2018-02-19,Closed,2030,1,1,,1
Update grunt-umd to the latest version ğŸš€,2018-02-19,Merged,2027,1,1,,1
Prevents pillbox double insert in IE 11/Edge 14,2017-10-24,Merged,2023,1,1,,1
release 3.16.2,2017-10-10,Closed,2020,10,10,css zip js json ,6
Points main property in package.json to correct file,2017-10-05,Merged,2018,1,1,,1
Update babel-eslint to the latest version ğŸš€,2018-02-19,Closed,2014,1,1,,1
Fix keydown event listener scope in tree,2017-09-11,Closed,2012,36,0,,2
adds polyfill for Event for IE,2017-06-28,Merged,2002,16,1,,2
Gh1994   keyboard navigation of open empty folder in tree should work as expected,2017-06-28,Merged,2000,306,136,js ,9
Update eslint to the latest version ğŸš€,2017-06-27,Merged,1999,1,1,,1
adds initialized.fu.tree event. Adds static datasource consumer to trâ€¦,2017-06-27,Merged,1998,489,8,,2
Ch1972   add accessibility check for checkbox and radio,2017-06-28,Merged,1996,916,884,,7
adds tabindex to checkbox and radio,2017-06-20,Closed,1995,322,363,hbs ,14
upgrades to npm 5 and runs npm install,2017-06-15,Merged,1992,"6,295",0,,0
Update dependencies to enable Greenkeeper ğŸŒ´,2017-06-09,Merged,1991,7,5,json ,1
Adds visual regression testing to Fuel UX,2017-06-14,Merged,1990,"13,225",92,css zip js html json ,14
Adds section for commonjs support,2017-06-07,Merged,1989,34,0,,1
Add npm cjs file back,2017-06-05,Merged,1988,23,0,,1
update npm script to match standards,2017-06-07,Merged,1987,2,1,,1
Makes tree accessible,2017-06-15,Merged,1984,"1,406",608,html ,3
add repeater security notes,2017-05-31,Merged,1981,24,2,html ,2
refactor `cleanInput` utility method  to prevent double encoding,2017-06-19,Merged,1980,54,9,json ,4
Update grunt-contrib-uglify to version 3.0.1 ğŸš€,2017-06-09,Closed,1979,0,0,,0
Update grunt-contrib-compress to version 1.4.3 ğŸš€,2017-06-09,Closed,1978,0,0,,0
Update grunt-contrib-compress to version 1.4.2 ğŸš€,2017-06-09,Closed,1977,0,0,,0
Clean repeater list extension row content of XSS (fix #1973),2017-05-22,Closed,1974,162,12,,6
Update connect to version 3.6.2 ğŸš€,2017-06-09,Closed,1971,0,0,,0
Update serve-static to version 1.12.3 ğŸš€,2017-06-09,Merged,1970,0,0,,0
Update grunt-contrib-uglify to version 3.0.0 ğŸš€,2017-06-09,Closed,1969,0,0,,0
update 3.16.0,2017-05-10,Closed,1968,29,15,js less hbs ,7
chore(package): update grunt-cli to version 1.2.0,2017-05-03,Merged,1967,1,1,,1
update spinbox unit testing changed event for setValue to be async,2017-05-03,Merged,1966,2,0,,1
Update serve-static to version 1.12.2 ğŸš€,2017-05-03,Merged,1965,1,1,,1
Update connect to version 3.6.1 ğŸš€,2017-05-03,Merged,1962,1,1,,1
Repair travis qunit,2017-04-19,Merged,1961,5,7,js ,2
Make spinbox trigger changed after setValue,2017-05-03,Merged,1960,28,5,,2
add validation support to templates,2017-04-26,Merged,1959,52,35,js less hbs ,17
Update grunt-contrib-clean to version 1.1.0 ğŸš€,2017-05-03,Merged,1958,1,1,,1
Update grunt-contrib-uglify to version 2.3.0 ğŸš€,2017-05-03,Merged,1955,0,0,,0
Update grunt-contrib-qunit to version 2.0.0 ğŸš€,2017-05-03,Merged,1954,1,1,,1
Fix a few small typos,2017-04-08,Merged,1953,3,3,less ,3
Update grunt-contrib-uglify to version 2.2.1 ğŸš€,2017-05-03,Closed,1951,1,1,,1
Update moment to version 2.18.1 ğŸš€,2017-03-27,Merged,1949,1,1,,1
Update jquery to version 3.2.1 ğŸš€,2017-03-27,Merged,1948,1,1,,1
Update moment to version 2.18.0 ğŸš€,2017-03-27,Closed,1947,1,1,,1
[Repeater] Set height properly on repeater resize,2017-03-27,Merged,1946,46,0,,2
Update jquery to version 3.2.0 ğŸš€,2017-03-27,Closed,1945,1,1,,1
Update grunt-contrib-less to version 1.4.1 ğŸš€,2017-03-27,Merged,1942,1,1,,1
serve-static module dependency and references removed,2017-03-27,Closed,1941,1,19,js ,3
Update grunt-contrib-uglify to version 2.2.0 ğŸš€,2017-03-06,Merged,1940,1,1,,1
Update serve-static to version 1.12.0 ğŸš€,2017-03-27,Merged,1939,1,1,,1
Update connect to version 3.6.0 ğŸš€,2017-03-06,Merged,1938,1,1,,1
Update connect to version 3.5.1 ğŸš€,2017-03-06,Closed,1936,1,1,,1
Update grunt-contrib-uglify to version 2.1.0 ğŸš€,2017-03-06,Closed,1935,1,1,,1
Update grunt-contrib-qunit to version 1.3.0 ğŸš€,2017-03-07,Merged,1934,1,1,,1
gh-pages/document radio events. fixes #1924,2017-03-07,Merged,1933,34,0,,1
gh-pages/update placard cancelled events. fixes #1931,2017-03-07,Merged,1932,1,1,,1
"[Tree, Repeater]: Fixed some issue in RTL direction",2017-03-07,Closed,1930,29,15,js less hbs ,7
Update serve-static to version 1.11.2 ğŸš€,2017-03-27,Closed,1929,1,1,,1
Update grunt-contrib-compress to version 1.4.1 ğŸš€,2017-03-07,Merged,1928,1,1,,1
Update grunt-contrib-compress to version 1.4.0 ğŸš€,2017-03-07,Closed,1927,1,1,,1
Add background size to infinite scroll loader,2017-01-19,Closed,1926,2,1,,1
[Pillbox]: Fixed no binding suggested.fu.pillbox when load fuelux in html head section,2017-01-16,Merged,1925,3,3,,2
replace java based html linter grunt-html w/ node linter grunt-htmllint,2017-01-11,Merged,1922,"2,526","2,463",yml js ,3
chore(package): update grunt-html to version 8.2.0,2017-01-16,Closed,1921,0,0,,0
"Revert ""Update grunt-html to version 8.1.0 ğŸš€""",2017-01-10,Merged,1919,1,1,,1
travis config needs java 8 for html lint,2017-01-10,Merged,1918,4,0,,1
Update grunt-html to version 8.2.0 ğŸš€,2017-01-16,Closed,1917,1,1,,1
[Pillbox]: Fixed no binding suggested.fu.pillbox when load fuelux in html head section,2017-01-16,Closed,1915,917,917,,1
Adds style for Loader graphic to respect boundaries,2016-12-21,Merged,1914,1,0,,1
"better commonjs test (clean dist, consistent test)",2016-12-15,Merged,1910,15,31,js ,5
"W-3550658: Set focus on input and create pill from ""uncommitted"" text",2016-12-12,Merged,1908,30,11,,3
Datepicker w/ Moment parseDate parsing strings results in good date object not `Invalid Date`,2016-12-10,Merged,1907,30,6,,4
Update moment to version 2.17.1 ğŸš€,2017-01-10,Merged,1905,1,1,,1
Update grunt-contrib-jshint to version 1.1.0 ğŸš€,2017-01-16,Merged,1903,1,1,,1
Update moment to version 2.17.0 ğŸš€,2017-01-10,Closed,1902,1,1,,1
Update grunt-html to version 8.1.0 ğŸš€,2017-01-10,Merged,1901,1,1,,1
Update grunt-umd to version 2.4.0 ğŸš€,2017-01-10,Merged,1899,1,1,,1
Update moment to version 2.16.0 ğŸš€,2017-01-10,Closed,1897,1,1,,1
Update bower to version 1.8.0 ğŸš€,2016-11-08,Merged,1896,1,1,,1
updates to qunit 2,2016-11-04,Merged,1894,"4,431","4,537",js json css map zip hbs ,15
Update README.md,2016-11-02,Merged,1893,1,1,,0
Replaces JS loader with SVG. Stubs out old JS methods,2016-10-26,Merged,1890,8,203,js less ,5
(GH1887) adds ability to accomodate secondary text in template for wizard,2016-10-25,Merged,1888,83,1,js less hbs ,4
Update moment to version 2.15.2 ğŸš€,2016-10-26,Merged,1886,1,1,,1
Update node engine dependency,2016-10-27,Merged,1885,1,1,,1
Script to update Fuel UX dependent projects,2016-10-18,Closed,1882,225,19,json js ,2
cleans up code from recent PR #1879,2016-10-11,Merged,1880,5,7,,1
Wizard should not fire stepclicked on content elements,2016-10-10,Merged,1879,30,4,html ,3
Wizard should not fire stepclicked on content elements,2016-10-01,Closed,1878,31,5,html ,3
Update eslint-plugin-requirejs to version 3.0.0 ğŸš€,2016-10-26,Merged,1875,1,1,,1
Update grunt-shell to version 2.0.0 ğŸš€,2016-10-27,Merged,1874,1,1,,1
updating travis-ci scripts and node requirements,2016-09-23,Merged,1873,37,47,js md json ,6
Update jquery to version 3.1.1 ğŸš€,2016-09-23,Merged,1872,1,1,,1
Makes saucelabs key a function to conform with grunt-saucelabs v3.0.0,2016-09-22,Merged,1871,9,5,,1
Provides data object to repeater render callbacks,2016-09-22,Merged,1869,51,2,,2
Update moment to version 2.15.1 ğŸš€,2016-09-22,Merged,1868,1,1,,1
Update moment to version 2.15.0 ğŸš€,2016-09-22,Closed,1866,1,1,,1
eslint@3.5.0 breaks build âš ï¸,2016-09-23,Merged,1865,1,1,,1
Update connect to version 3.5.0 ğŸš€,2016-09-22,Merged,1864,1,1,,1
Attaches row to DOM after all columns have been added,2016-09-13,Merged,1863,"1,154",842,js ,3
Changed the path to the latest version to the correct one.,2016-08-22,Merged,1857,1,1,,0
[ABSETUP-538] Adds cleanInput method which URI Encodes `<` by default,2016-08-22,Merged,1856,346,253,js html ,5
Update grunt-shell to version 1.3.1 ğŸš€,2016-08-26,Merged,1854,1,1,,1
Update load-grunt-tasks to version 3.5.2 ğŸš€,2016-08-26,Merged,1853,1,1,,1
Update grunt-contrib-less to version 1.4.0 ğŸš€,2016-09-22,Merged,1851,1,1,,1
Adds list_renderRowAfterColumns option,2016-09-08,Closed,1850,9,2,,1
Update bootstrap to version 3.3.7 ğŸš€,2016-09-22,Merged,1849,1,1,,1
Update qunitjs to version 2.0.1 ğŸš€,2016-08-26,Closed,1848,1,1,,1
Update repeater header checkbox to use correct markup,2016-07-21,Merged,1847,17,2,less ,2
Update grunt-contrib-uglify to version 2.0.0 ğŸš€,2016-09-22,Merged,1846,1,1,,1
Update grunt-contrib-uglify to version 1.0.2 ğŸš€,2016-08-22,Closed,1845,1,1,,1
Update semver to version 5.3.0 ğŸš€,2016-08-26,Merged,1844,1,1,,1
Update jquery to version 3.1.0 ğŸš€,2016-08-26,Closed,1842,1,1,,1
Update grunt-saucelabs to version 9.0.0 ğŸš€,2016-09-22,Merged,1840,1,1,,1
Update moment to version 2.14.1 ğŸš€,2016-09-22,Closed,1838,1,1,,1
Update moment to version 2.14.0 ğŸš€,2016-08-22,Closed,1837,1,1,,1
Update grunt-saucelabs to version 8.6.3 ğŸš€,2016-08-22,Closed,1836,1,1,,1
Update grunt-html to version 8.0.2 ğŸš€,2016-08-26,Closed,1835,1,1,,1
Update grunt-jsbeautifier to version 0.2.13 ğŸš€,2016-08-26,Merged,1834,1,1,,1
Update semver to version 5.2.0 ğŸš€,2016-08-22,Closed,1833,1,1,,1
Update grunt-html to version 8.0.1 ğŸš€,2016-08-22,Closed,1832,1,1,,1
Update semver to version 5.1.1 ğŸš€,2016-08-22,Closed,1830,1,1,,1
Update grunt-html to version 8.0.0 ğŸš€,2016-08-22,Closed,1828,1,1,,1
Update grunt-html to version 7.1.0 ğŸš€,2016-08-22,Closed,1826,1,1,,1
Update qunitjs to version 2.0.0 ğŸš€,2016-08-22,Closed,1825,1,1,,1
Update serve-static to version 1.11.1 ğŸš€,2016-08-26,Merged,1824,1,1,,1
Update jquery to version 3.0.0 ğŸš€,2016-08-22,Closed,1823,1,1,,1
Update serve-static to version 1.11.0 ğŸš€,2016-08-22,Closed,1822,1,1,,1
Update serve-static to version 1.10.3 ğŸš€,2016-08-22,Closed,1821,1,1,,1
Remove spinbox mouse scrolling functionality,2016-05-25,Merged,1820,1,43,,1
Update grunt-umd to version 2.3.6 ğŸš€,2016-08-26,Merged,1819,1,1,,1
Allow actions column when first render of repeater is empty,2016-05-25,Merged,1818,10,4,,1
Update grunt-contrib-compress to version 1.3.0 ğŸš€,2016-08-26,Merged,1817,1,1,,1
Repeater combobox events,2016-05-25,Merged,1816,41,18,,4
Update jquery to version 2.2.4 ğŸš€,2016-08-22,Closed,1815,1,1,,1
Update tree markup to have alert role on span,2016-05-25,Merged,1812,11,11,hbs ,4
Update load-grunt-config to version 0.19.2 ğŸš€,2016-08-26,Merged,1809,1,1,,1
Update grunt-contrib-connect to version 1.0.2 ğŸš€,2016-08-26,Merged,1808,1,1,,1
Repeatercheckbox,2016-04-30,Merged,1807,35,11,less ,2
Update grunt-contrib-concat to version 1.0.1 ğŸš€,2016-08-26,Merged,1806,1,1,,1
Update grunt-bump to version 0.8.0 ğŸš€,2016-08-26,Merged,1805,1,1,,1
Update grunt-bump to version 0.7.3 ğŸš€,2016-08-22,Closed,1804,1,1,,1
Update moment to version 2.13.0 ğŸš€,2016-08-22,Closed,1803,1,1,,1
Update grunt-bump to version 0.7.2 ğŸš€,2016-08-22,Closed,1802,1,1,,1
Update grunt-bump to version 0.7.1 ğŸš€,2016-08-22,Closed,1801,1,1,,1
Update grunt-shell to version 1.3.0 ğŸš€,2016-08-22,Closed,1799,1,1,,1
Update grunt-contrib-qunit to version 1.2.0 ğŸš€,2016-08-26,Closed,1797,1,1,,1
Update qunitjs to version 1.23.1 ğŸš€,2016-08-22,Closed,1796,1,1,,1
Update grunt-contrib-less to version 1.3.0 ğŸš€,2016-08-22,Closed,1795,1,1,,1
Update grunt-jsbeautifier to version 0.2.12 ğŸš€,2016-08-22,Closed,1793,1,1,,1
Update grunt-jsbeautifier to version 0.2.11 ğŸš€,2016-08-22,Closed,1792,1,1,,1
Update load-grunt-tasks to version 3.5.0 ğŸš€,2016-08-22,Closed,1791,1,1,,1
Update jquery to version 2.2.3 ğŸš€,2016-08-22,Closed,1789,1,1,,1
Update grunt to version 1.0.1 ğŸš€,2016-09-22,Merged,1788,1,1,,1
Update bower to version 1.7.9 ğŸš€,2016-08-26,Merged,1787,1,1,,1
Update grunt to version 1.0.0 ğŸš€,2016-08-22,Closed,1786,1,1,,1
Update bower to version 1.7.8 ğŸš€,2016-08-22,Closed,1785,1,1,,1
Update grunt-cli to version 1.2.0 ğŸš€,2016-08-26,Closed,1784,1,1,,1
Update grunt-contrib-compress to version 1.2.0 ğŸš€,2016-08-22,Closed,1783,1,1,,1
release 3.15.0,2016-04-01,Merged,1782,94,23,css map zip js json ,7
Improve fuel ux release notes,2016-04-01,Merged,1781,5,1,js ,1
Update qunitjs to version 1.23.0 ğŸš€,2016-03-29,Merged,1778,1,1,,1
Add ability to text to automatically truncate when space requires,2016-03-24,Merged,1776,53,5,,7
Update grunt-cli to version 1.1.0 ğŸš€,2016-03-23,Merged,1774,1,1,,1
Update package.json & travis to use node 4.4.x,2016-03-23,Merged,1773,2,2,json ,2
Update grunt-cli to version 1.0.1 ğŸš€,2016-03-22,Merged,1772,1,1,,1
Update grunt-contrib-connect to version 1.0.1 ğŸš€,2016-03-23,Merged,1771,1,1,,1
Update grunt-cli to version 1.0.0 ğŸš€,2016-03-22,Closed,1770,1,1,,1
Update grunt-html to version 7.0.0 ğŸš€,2016-03-22,Closed,1767,1,1,,1
Update jquery to version 2.2.2 ğŸš€,2016-03-23,Merged,1766,1,1,,1
Update grunt-contrib-uglify to version 1.0.1 ğŸš€,2016-03-23,Merged,1765,1,1,,1
Adds ability to cancel repeater search,2016-03-21,Merged,1764,73,20,,3
Update grunt-contrib-watch to version 1.0.0 ğŸš€,2016-03-22,Merged,1758,1,1,,1
Update grunt-contrib-qunit to version 1.1.0 ğŸš€,2016-03-17,Closed,1757,1,1,,1
Update grunt-browserify to version 5.0.0 ğŸš€,2016-03-22,Merged,1756,1,1,,1
Update grunt-contrib-compress to version 1.1.1 ğŸš€,2016-03-22,Merged,1753,1,1,,1
Update moment to version 2.12.0 ğŸš€,2016-03-23,Merged,1752,1,1,,1
Update grunt-contrib-connect to version 1.0.0 ğŸš€,2016-03-23,Closed,1750,1,1,,1
Update grunt-contrib-compress to version 1.1.0 ğŸš€,2016-03-14,Closed,1749,1,1,,1
Update grunt-contrib-copy to version 1.0.0 ğŸš€,2016-03-22,Merged,1748,1,1,,1
Update grunt-contrib-uglify to version 1.0.0 ğŸš€,2016-03-17,Closed,1747,1,1,,1
Update load-grunt-tasks to version 3.4.1 ğŸš€,2016-03-15,Merged,1745,1,1,,1
Adds pull request and issue templates,2016-03-14,Merged,1744,35,0,,0
Update grunt-shell to version 1.2.1 ğŸš€,2016-02-29,Merged,1741,1,1,,1
Update grunt-shell to version 1.2.0 ğŸš€,2016-02-29,Closed,1740,1,1,,1
Puts unit tests for combobox back in,2016-02-27,Merged,1738,56,48,html js ,5
(GH1708) rips out unit test for now so we can release,2016-02-23,Merged,1732,11,11,,1
(GH1708) converts div to li to match hbs template,2016-02-23,Merged,1731,4,4,,2
Update qunitjs to version 1.22.0 ğŸš€,2016-02-29,Merged,1729,1,1,,1
(GH1727) adds missing quotation for name attribute,2016-02-22,Merged,1728,2,2,,1
Update grunt-contrib-concat to version 1.0.0 ğŸš€,2016-02-29,Merged,1726,1,1,,1
adds filter option to combobox and keyboard nav for dropdown,2016-02-23,Merged,1725,240,5,js less html ,7
Input elements should support validation and feedback,2016-02-19,Merged,1723,20,16,,9
Adds proper form wrapping and many missing attributes from form controls,2016-02-18,Merged,1721,146,55,,10
Tree lazy loading,2016-02-19,Merged,1720,187,74,html js less ,6
Update grunt-contrib-jshint to version 1.0.0 ğŸš€,2016-02-29,Merged,1719,1,1,,1
Update grunt-contrib-compress to version 1.0.0 ğŸš€,2016-03-14,Closed,1718,1,1,,1
Update grunt-contrib-clean to version 1.0.0 ğŸš€,2016-02-27,Merged,1717,1,1,,1
Add setMaxLimit & setMinLimit Methods to spinbox(),2016-02-18,Closed,1714,16,0,,1
Update grunt-contrib-qunit to version 1.0.1 ğŸš€,2016-03-14,Closed,1709,1,1,,1
Update grunt-contrib-qunit to version 1.0.0 ğŸš€,2016-03-14,Closed,1707,1,1,,1
Update moment to version 2.11.2 ğŸš€,2016-03-15,Closed,1706,1,1,,1
Update grunt-contrib-uglify to version 0.11.1 ğŸš€,2016-03-14,Closed,1704,1,1,,1
Update grunt-contrib-less to version 1.2.0 ğŸš€,2016-03-23,Merged,1703,49,61,map less json ,5
Update qunitjs to version 1.21.0 ğŸš€,2016-02-29,Closed,1701,1,1,,1
(GH1698) adds ability to specify data attributes for repeater to hbs â€¦,2016-02-18,Merged,1699,1,1,,1
Update bower to version 1.7.7 ğŸš€,2016-03-15,Merged,1697,1,1,,1
Update bower to version 1.7.6 ğŸš€,2016-03-14,Closed,1696,1,1,,1
Update bower to version 1.7.5 ğŸš€,2016-03-14,Closed,1695,1,1,,1
fixes new templates structure source (destination was correct),2016-01-26,Merged,1694,215,0,html ,34
Add non checkbox or selectable action header,2016-01-26,Merged,1691,76,57,,1
"Revert ""adds action option for list_selectable""",2016-01-26,Merged,1690,57,76,,1
Unit tests for variation of timezone value input,2016-01-26,Merged,1689,28,0,,1
Update grunt-html to version 6.0.0 ğŸš€,2016-03-14,Closed,1688,1,1,,1
Update connect to version 3.4.1 ğŸš€,2016-03-14,Merged,1687,1,1,,1
"Add data to thumbnail element, return data on thumbnail_getSelectedItems",2016-01-22,Merged,1685,2,0,,1
(GH1676) adds HBS templates for controls,2016-01-26,Merged,1684,"2,238",1,,11
Update bower to version 1.7.3 ğŸš€,2016-03-14,Closed,1683,1,1,,1
Update serve-static to version 1.10.2 ğŸš€,2016-03-14,Merged,1682,1,1,,1
Fix for issue #1677 selectable repeater with frozen columns,2016-01-19,Merged,1681,32,6,,1
Update grunt-contrib-jshint to version 0.12.0 ğŸš€,2016-01-19,Merged,1679,3,3,json ,2
Update serve-static to version 1.10.1 ğŸš€,2016-01-19,Merged,1678,1,1,,1
adds action option for list_selectable,2016-01-22,Merged,1674,76,57,,1
Datepicker shows selected date when opened,2016-01-13,Merged,1672,67,7,,2
Update jquery to version 2.2.0 ğŸš€,2016-01-19,Merged,1670,1,1,,1
Update moment to version 2.11.1 ğŸš€,2016-03-14,Closed,1669,1,1,,1
Docs: pageIndex is zero based,2016-01-12,Merged,1668,2,3,,1
Update moment to version 2.11.0 ğŸš€,2016-01-12,Closed,1666,1,1,,1
Update bower to version 1.7.2 ğŸš€,2016-01-05,Merged,1664,1,1,,1
Update load-grunt-tasks to version 3.4.0 ğŸš€,2015-12-22,Merged,1662,1,1,,1
(GH1659) point travis at fuelux-edge instead of fuelux-dev,2015-12-16,Merged,1660,2,2,md ,1
Update bower to version 1.7.1 ğŸš€,2015-12-19,Merged,1657,1,1,,1
Update grunt-bump to version 0.7.0 ğŸš€,2015-12-19,Merged,1656,1,1,,1
Making commonjs dependencies within a control the same as their AMD counterparts,2015-12-09,Merged,1654,7,6,,5
Repeater sub-controls and functions now acknowledge overall disabled state,2015-12-09,Merged,1652,247,113,,2
Form builder audit,2015-12-11,Merged,1651,"1,821","1,177",css md js ,5
Update bower to version 1.7.0 ğŸš€,2015-12-07,Merged,1650,1,1,,1
Update bower to version 1.6.9 ğŸš€,2015-12-04,Merged,1649,1,1,,1
Updated placard documentation with additional functionality,2015-12-09,Merged,1648,35,13,,1
Placard contenteditable div support,2015-12-03,Merged,1646,106,21,js less txt ,5
separates out input-group-addon styles and updates index page html,2015-12-03,Merged,1645,35,20,less ,2
Update grunt-saucelabs to version 8.6.2 ğŸš€,2015-12-04,Merged,1643,1,1,,1
Update load-grunt-config to version 0.19.1 ğŸš€,2015-12-04,Merged,1642,1,1,,1
Link to live demos for Repeater,2015-12-03,Merged,1641,8,2,,1
Update bower to version 1.6.8 ğŸš€,2015-12-04,Merged,1640,1,1,,1
Update bower to version 1.6.7 ğŸš€,2015-12-04,Closed,1638,1,1,,1
Update bower to version 1.6.6 ğŸš€,2015-11-25,Closed,1637,1,1,,1
using css instead of outerHeight to set height,2015-12-04,Merged,1636,1,1,,1
Increase readability and maintainability: scheduler setValue,2016-01-26,Merged,1635,217,178,,1
Update bootstrap to version 3.3.6 ğŸš€,2015-11-25,Merged,1633,1,1,,1
Fix example page scheduler ID,2015-11-24,Merged,1632,1,1,,1
Repeater Documentation,2015-11-24,Merged,1630,3,3,,1
testing against bundle and min,2015-12-04,Merged,1628,19,19,,1
Scheduler: Weekdays frequency should be 'weekly' instead of 'daily',2015-12-04,Merged,1627,13,9,,2
Repeater Resize Improvement,2015-11-25,Merged,1625,240,306,,0
Update grunt-umd to version 2.3.5 ğŸš€,2015-11-24,Merged,1624,1,1,,1
Update grunt-contrib-uglify to version 0.11.0 ğŸš€,2015-11-23,Merged,1623,1,1,,1
Update semver to version 5.1.0 ğŸš€,2015-11-23,Merged,1620,1,1,,1
Update grunt-contrib-clean to version 0.7.0 ğŸš€,2015-11-13,Merged,1617,1,1,,1
Pin Backbone version,2015-11-25,Merged,1616,1,1,,1
Fixes #1564 for Backbone API changes,2015-11-13,Merged,1615,2,2,,1
Run `npm update` after wget on TravisCI,2015-11-13,Merged,1614,1,0,,1
Update grunt-contrib-uglify to version 0.10.1 ğŸš€,2015-11-12,Merged,1611,1,1,,1
Update grunt-prompt to version 1.3.3 ğŸš€,2015-11-12,Merged,1610,1,1,,1
Update grunt-prompt to version 1.3.2 ğŸš€,2015-11-12,Closed,1609,1,1,,1
support `end === true` attribute to prevent infinite scroll datasource call (fix #1605),2015-12-07,Merged,1606,2,1,,1
Allow target in dropdown auto-flip to be window,2015-11-10,Merged,1603,21,19,js ,2
Allow target in auto-flip dropdown menu even if parent has overflow,2015-11-09,Merged,1602,13,8,,1
"Add search on keypress, clear input when value unchanged",2015-11-05,Merged,1598,41,62,js ,5
Update load-grunt-config to version 0.19.0 ğŸš€,2015-11-03,Merged,1595,1,1,,1
Update load-grunt-config to version 0.18.0 ğŸš€,2015-11-03,Merged,1594,1,1,,1
"Add refreshFolder method, refreshedFolder event",2015-11-03,Merged,1593,49,39,,1
Add refreshFolder method to tree,2015-11-03,Merged,1591,77,8,js ,4
"accidentally changed a jquery html to append, caused issues in singleâ€¦",2015-11-03,Merged,1590,4,4,,1
Update qunitjs to version 1.20.0 ğŸš€,2015-11-03,Merged,1587,1,1,,1
Update grunt-contrib-uglify to version 0.10.0 ğŸš€,2015-10-27,Merged,1586,1,1,,1
Update bower to version 1.6.5 ğŸš€,2015-10-26,Merged,1585,1,1,,1
Update bower to version 1.6.4 ğŸš€,2015-10-26,Merged,1584,1,1,,1
Update grunt-contrib-compress to version 0.14.0 ğŸš€,2015-10-23,Merged,1583,1,1,,1
trying to make saucelabs a bit easier to debug by closing passed testâ€¦,2015-10-21,Merged,1581,3,3,,1
Update grunt-contrib-copy to version 0.8.2 ğŸš€,2015-10-19,Merged,1578,1,1,,1
corrects styling issues with actions column header,2015-10-22,Merged,1577,39,40,less ,2
Update bower to version 1.6.3 ğŸš€,2015-10-16,Merged,1575,1,1,,1
Gh1569   repeater resize issues,2015-10-16,Merged,1574,217,174,,0
Update bower to version 1.6.2 ğŸš€,2015-10-16,Closed,1573,1,1,,1
removes unnecessary blank element from header,2015-10-16,Merged,1572,7,7,less ,2
Adds jQuery event to action item callback,2015-10-14,Merged,1571,30,10,,3
scheduler markup & repeater dataSource docs update,2015-10-14,Merged,1567,638,649,,1
Fixes markup and styling issues with Scheduler,2015-10-14,Merged,1563,"1,278","1,636",,0
Updated grunt-browserify to version 4.0.1,2015-10-07,Merged,1560,1,1,,1
Font updates for fusion,2015-10-06,Merged,1559,24,4,,1
".jshintrc vs jshint options, and why you should be using the former",2015-10-06,Merged,1558,24,29,js ,3
Remove test build file,2015-10-06,Merged,1557,0,"26,133",,0
keep end date from being before start date when start date changed,2015-10-06,Merged,1556,116,33,,2
Pinned all dependencies,2015-10-05,Merged,1555,34,34,,1
Puts `icons.less` back into fuelux.less,2015-10-02,Merged,1554,1,0,,1
Convert all LESS variables to dash case instead of camel case,2015-10-02,Merged,1552,313,282,,14
fixes spinbox button overflow overlap,2015-10-01,Merged,1551,282,263,,1
Repeater Events Documentation,2015-09-29,Merged,1548,69,0,,1
Correcting Tree documentation markup order,2015-09-29,Merged,1545,34,31,,1
Correcting outdated placard markup,2015-09-29,Merged,1544,1,1,,1
Fixing Placard event name documentation,2015-09-28,Merged,1543,3,3,,1
Fixes disabling of selectable / multi select / actions,2015-10-01,Closed,1538,50,26,less ,4
Fix width when using images within selectlist,2015-10-05,Closed,1537,3,3,,1
makes step increment work properly in schedulerfuelux,2015-09-25,Merged,1536,131,102,js ,5
add disabled attribute to repeater object and look for it on click ofâ€¦,2015-09-23,Closed,1535,8,0,,2
Fix Regular expression for readme version update replace task,2015-09-22,Merged,1533,10,10,js ,1
adds limitToStep to spinbox,2015-09-23,Merged,1531,220,129,,0
(GH1502---apply-ellipsis-to-input-boxes-as-well-as-textareasfuelux) râ€¦,2015-09-22,Merged,1530,0,1,,1
moves arrow into alignment with top arrow,2015-09-22,Merged,1529,2,2,,1
Added Meteor package support.,2015-09-22,Merged,1528,38,4,,3
Add generate release notes task to release workflow,2015-09-21,Merged,1526,11,7,js ,3
Update API for repeater infinite scrolling,2015-09-18,Merged,1525,1,2,,1
Remove gray that is not present in MCtheme color palette,2015-09-18,Merged,1524,2,2,,1
Update documentation with how to listen to datepicker events,2015-09-18,Merged,1523,30,16,,1
Picker,2015-09-18,Merged,1518,933,11,js html ,5
"Fix grunt release tasks: update release version, publish to NPM",2015-09-14,Merged,1514,18,19,,1
"Replace misspelled ""occurance"" in sample markup",2015-09-11,Merged,1513,2,2,,2
Add button type to datepicker button example markup,2015-09-11,Merged,1512,29,29,,1
If only one selected return its object instead of array,2015-09-11,Merged,1510,6,3,,2
Superpicker,2015-09-11,Closed,1506,"2,217",400,map zip ,4
Allow Datepicker to handle two-digit year with MomentJS,2015-09-14,Merged,1505,28,2,js ,3
Font family change for fuelux-fusion site,2015-09-14,Merged,1504,457,1,eot svg ttf woff woff2 ,7
Get value aliasing,2015-09-11,Merged,1501,258,69,js ,6
Fusion site requires mc theme styled documentation,2015-08-28,Merged,1493,3,0,,1
Allow default unit to be added to spinbox if not present,2015-09-10,Merged,1492,46,2,,3
handle two digit years more correctly in datepicker,2015-09-03,Closed,1486,0,0,,0
Remove border-radius from wizard first step bottom left,2015-08-31,Merged,1485,1,1,,1
Support has-children data-attribute in tree branch node,2015-08-21,Merged,1480,1,1,,1
Allow spinner step interval option to be set via data attribute,2015-08-21,Merged,1479,2,0,,1
Prevent repeat selectlist from being undefined in scheduler,2015-08-20,Merged,1478,2,2,,1
Adding row data to obj returned for selected and deselected events,2015-10-01,Closed,1475,12,3,,1
Add npm publish to release task,2015-09-02,Merged,1473,"1,075",932,,13
Allow any timzone object keys for scheduler setValue,2015-08-19,Merged,1472,8,12,,1
Refine scheduler documentation,2015-08-18,Merged,1470,26,15,,1
Move grunt tasks and config into external JS files,2015-09-02,Merged,1469,"1,051",932,,13
Make timezone return all jQuery data instead of just select values,2015-08-18,Merged,1468,2,5,,1
Hiding footer for infinite scrolling view,2015-08-17,Merged,1461,10,6,,1
Multiply occurrence by days if weekly frequency,2015-08-17,Closed,1458,7,1,,1
Make package version dynamic in grunt,2015-08-17,Merged,1457,13,14,,1
Make TravisCI use docker containers,2015-08-18,Merged,1456,1,0,,1
Add button type to button elements in docs,2015-08-11,Merged,1455,61,61,,5
Adding check before doing custom column render.,2015-08-12,Merged,1449,1,1,,1
Transformed postinstall bash script into node script,2015-08-07,Merged,1448,5,6,js sh ,3
Changes to repeater list to remove width as string. Update Version,2015-08-11,Merged,1446,7,7,html ,2
correct package version on pushing tag; correct cdn push script,2015-08-11,Closed,1445,3,3,,1
"Remove failing grunt-html-validator task, add grunt-html task",2015-08-11,Merged,1443,324,105,html ,19
Removal of .blur events and changing them to a .change event.,2015-08-05,Merged,1440,16,22,,3
Add error message API to repeater list view,2015-08-05,Merged,1437,6,1,,1
Repeater list should not add css class sorted to TD of empty row,2015-08-04,Merged,1435,1,1,,1
Added a check to see if there were no items.,2015-08-05,Merged,1426,17,7,,1
Disable item pagination when there are no items,2015-07-28,Merged,1423,9,1,,2
Updated documentation to reflect all new repeater updates and options,2015-07-28,Merged,1419,48,0,,1
Add slack channel badge,2015-07-22,Merged,1415,2,1,,0
Add npm badge to readme,2015-07-23,Merged,1414,2,1,,0
Add glyphicons to example page,2015-07-23,Merged,1410,3,3,,1
Support bulk actions in repeater,2015-08-04,Merged,1409,158,104,,2
Add checkbox support for multi select,2015-07-28,Merged,1407,220,76,js ,2
Checkbox radio documentation markup audit,2015-07-21,Merged,1406,"1,373",536,json md ,4
Allowing frozen columns to sort,2015-07-21,Merged,1405,180,145,,0
Bower install if $INSTALL_BOWER is true,2015-07-21,Merged,1404,7,1,sh ,2
Remove bower from npm postinstall,2015-07-14,Merged,1402,2,2,json ,1
Make devDependencies versions secure,2015-07-14,Merged,1400,2,2,,1
Documentation: Add `&nbsp;` to fix height on page load,2015-07-13,Merged,1399,3,4,,1
Upload to multiple folders on CDN,2015-07-09,Merged,1393,23,16,,1
Add red color to grunt warnings,2015-07-07,Merged,1390,2,2,,1
Allow repeater views without period and subviews within setViewOptions,2015-07-07,Merged,1389,1,1,,1
Re-render repeater column headings if headings are not present,2015-07-07,Merged,1388,4,3,,1
Repeater header re-render fix,2015-07-07,Closed,1386,16,182,,2
Add namespace and make events past tense,2015-07-09,Merged,1384,23,14,,3
Fix checkbox markup in example page to have span,2015-07-09,Merged,1382,34,27,,1
Color consolidation into variables,2015-07-10,Merged,1379,243,205,,4
Fixes height calculation for fixed columns,2015-06-26,Merged,1378,3,6,,1
Disable repeater pagination if 0 or 1 pages returned,2015-06-30,Merged,1374,14,3,,1
Correct scheduler selection of `.year-month`,2015-06-30,Merged,1373,7,5,,1
Allow empty string (ISO 8601) in datepicker momentJS format,2015-06-30,Merged,1372,30,4,js ,4
Removes trailing semicolon from scheduler recurrance pattern,2015-06-30,Merged,1371,16,14,,3
Prevent selectlist disabled items to be selected,2015-06-30,Merged,1369,26,0,js ,4
Remove emails and names from repeater example,2015-06-23,Merged,1368,43,480,,0
Add `npm start` script to align with ET Elements,2015-07-06,Merged,1364,1,0,,1
Focus on first matching item when key is pressed,2015-06-30,Merged,1363,24,0,,1
Namespace LESS mixins in order to play nice with others,2015-07-07,Merged,1362,99,98,,9
Gray out disabled checkbox/radio while maintaining accessibility,2015-06-30,Merged,1360,5,3,,3
"If combobox dropdown is empty, disable the dropdown only",2015-06-30,Merged,1358,26,0,html ,3
"If selectlist is empty, disable it",2015-07-06,Merged,1357,45,1,html ,3
Divide grunt tasks into their own json files,2015-08-18,Closed,1356,763,492,json ,17
Remove bump task,2015-06-12,Closed,1355,1,1,,1
Wrap wizard steps in hidden overflow instead of entire control,2015-06-11,Merged,1352,80,48,js less ,6
Remove moot `version` property from bower.json,2015-06-12,Merged,1351,1,2,json ,2
Trigger `changed` event when scheduler's datepicker `dateClicked` is triggered,2015-06-10,Merged,1350,7,1,,2
Allow $.preventDefault() to halt next method even if last step in wizard,2015-06-09,Merged,1348,9,9,,1
"Recurrence options changed to ""per second"" and ""per minutes""",2015-06-09,Merged,1346,8,8,js ,4
Created item actions frozen column on right side,2015-06-23,Merged,1340,"1,046",16,html ,2
Remove startDate overwrite,2015-06-08,Merged,1339,1,2,,1
Add support for hourly and secondly recurrence pattern,2015-06-08,Merged,1338,30,8,js ,5
Update checkbox documented markup to 3.8 release,2015-06-04,Merged,1335,15,10,,1
"Removes 2-step build process, improve CSS/LESS debugging",2015-06-04,Merged,1334,"2,317","2,240",less ,4
Make install process Windows compatible,2015-06-03,Merged,1333,2,2,json ,2
bug-fix/npm scripts for windows,2015-06-02,Closed,1331,2,2,,1
"Add support for CommonJS, and publish to NPM",2015-07-09,Merged,1329,268,56,js ,19
Add all release tasks to prompt menu,2015-07-07,Merged,1328,280,20,js ,2
Allow selectedItem's step to be a string,2015-06-04,Merged,1327,1,1,,1
Add type attribute to buttons in control markup,2015-06-04,Merged,1325,"2,185","2,183",,8
"Simplify checkbox control, limit initialization to label tag",2015-05-26,Merged,1319,410,306,js ,2
Make scheduler's repeat monthly radio not checked by default,2015-05-26,Merged,1316,2,2,,1
Improve radio button test coverage to check group scenarios,2015-05-29,Merged,1315,96,2,js ,2
Do not change tree folder icons when selecting items for 3.7.x branch,2015-05-22,Merged,1312,141,96,js ,5
Allow radio button by default to be checked if it is not last,2015-05-22,Merged,1309,3,3,,1
Make Marketing Cloud Theme documentation page future compatible,2015-05-19,Merged,1300,8,8,,1
Base64 encode WOFF FuelUX font to reduce requests,2015-05-20,Merged,1291,3,3,,1
Base selectlist unit test on computed padding,2015-05-12,Merged,1290,7,3,,1
Base64 encode Fuel UX WOFF font into CSS file,2015-05-11,Closed,1289,4,3,less ,2
Call pause method to clears timeout when destroying control,2015-05-11,Merged,1286,2,0,,1
Do not change tree folder icons when selecting items,2015-05-20,Merged,1283,141,96,js ,5
Revert breaking checkbox markup change for 3.7.2 release,2015-05-07,Merged,1282,306,410,js ,2
Add overflow dropdown support to selectlist to support scrolling long lists,2015-05-07,Merged,1280,1,0,,1
"Add ""Fusion pages"" to be used within external iframe",2015-05-08,Merged,1277,223,2,html css ,23
Update documentation markup to 3.7.0,2015-05-11,Merged,1276,"57,531","10,202",json md ,6
Add type attribute to radio and checkbox input tags in LESS files,2015-05-05,Merged,1274,6,4,,3
Increase clarity and expose tree event data returned,2015-05-11,Merged,1273,14,15,,1
Update tree events documentation,2015-05-04,Merged,1269,10,6,,1
Correct tree render method documentation,2015-05-01,Merged,1268,1,1,,1
"Add radio markup deprecation notice, update markup",2015-04-27,Merged,1263,31,25,,1
Fix wizard example markup documentation,2015-04-24,Merged,1262,2,0,,1
Added meteor packaging option,2015-05-08,Closed,1258,74,53,json ,3
Ignore shell scripts that do release,2015-04-23,Merged,1257,8,0,,1
Adding a Frozen Column repeater to index page,2015-04-22,Merged,1256,33,4,html js ,3
Allow repeater to scroll when needed,2015-04-22,Merged,1255,14,12,,1
Use jsDelivr as to load webpage assets,2015-04-21,Closed,1251,5,9,,0
Add AMD bundle to dist build,2015-04-21,Closed,1250,251,2,json html ,5
add tree-folder-select class by default,2015-04-21,Merged,1245,98,93,js ,3
Remove `cursor: pointer` CSS rule from Datagrid <th> elements,2015-05-06,Merged,1240,0,4,,1
Add .hidden class to discloseVisible selector,2015-04-13,Merged,1236,1,1,,1
Repeater disable methods and auto disable when loading,2015-04-14,Merged,1235,101,0,,2
Remove Creator section from README,2015-04-13,Merged,1233,0,4,,0
Missed removing last occurance of outline on checkbox,2015-04-10,Merged,1228,1,4,,1
Add frozen column support to repeater list view,2015-04-14,Merged,1223,247,136,,1
Document dataSourceOptions and preserveDataSourceOptions,2015-04-07,Merged,1222,13,1,,1
Add CSS rules to include empty disabled attributes,2015-04-06,Merged,1220,1,1,,1
Add sortDirection option to repeater-list documentation,2015-04-06,Merged,1219,1,0,,1
Document that the default value of list_highlightSortedColumn is true,2015-04-06,Merged,1218,2,2,,1
Allow unit tests to run in other servers than included grunt tasks,2015-04-06,Merged,1217,18,18,js ,2
Reset count to 1 when value is not specified via setValue,2015-04-06,Merged,1216,2,7,,1
"Document pillbox dependency, add to 2.x migration notes, reorder/add sidebar links",2015-04-06,Merged,1214,56,3,,5
Gh pages pillbox missing dependency,2015-04-06,Merged,1210,10,3,,3
"Style hover/active states with box-shadow, add multiline example",2015-04-06,Merged,1209,101,30,less ,4
"Remove misc.less, correct checkbox/radio w/o text label style, move placard and select CSS rules",2015-04-02,Merged,1207,112,95,less ,6
Spinner: use data attributes when initialising indirectly,2015-05-06,Merged,1206,33,1,,2
Set list_highlightSortedColumns to true by default,2015-04-02,Merged,1205,1,1,,1
Remove broken link from readme.md,2015-03-31,Merged,1203,1,4,,0
Add steps to readme.md to set up Jekyll for documentation,2015-03-31,Merged,1199,3,0,,0
Radio button refactor,2015-04-14,Merged,1195,406,246,js ,4
Fix datepicker documentation typo,2015-03-25,Merged,1193,1,1,,1
(gh-pages) Removed extra wrapper causing double events,2015-03-25,Merged,1192,71,73,,1
Replace `hide` class with `hidden`,2015-03-25,Merged,1189,75,73,js ,9
Checkbox refactor,2015-04-22,Merged,1185,402,298,js ,2
Make datepicker type colors and border radius consistent,2015-03-23,Merged,1184,42,9,less ,2
Allow repeater to initialize without a dataSource and no options,2015-03-24,Merged,1182,17,9,less ,5
Ignore clicks on disabled menu items,2015-04-11,Merged,1181,26,1,,2
(1138) closes #1138,2015-03-17,Merged,1177,11,11,,1
Add grunt UMD to package.json,2015-03-14,Merged,1176,1,0,,1
Datepicker goofy Chrome character fix,2015-03-17,Merged,1173,5,3,,1
Remove custom build step for wrapping with UMD,2015-05-08,Closed,1169,465,696,md ,4
Allows for wizard to go RTL,2015-05-21,Merged,1161,99,7,,1
Gh1152   repeater documentation,2015-03-06,Merged,1155,"4,683","5,463",yml html js ,15
Gh1150   clean up repeater example,2015-03-06,Merged,1151,"4,719","5,513",yml html js ,15
Gh pages tree disclosure,2015-03-06,Merged,1147,"4,728","5,456",yml html js ,13
"Ignores dev.html, updates fuel ux version number and version, and bower dependencies",2015-03-06,Merged,1146,"4,658","5,454",yml html js ,14
Make tree's openfolder only open folders instead of toggling them,2015-04-10,Merged,1145,34,23,,3
Add IDs to html sections of index.html,2015-03-04,Merged,1144,20,15,js ,2
Added data-name for selectedItem,2015-03-02,Merged,1141,128,65,js ,4
Note about location of caret in tree template markup,2015-03-02,Merged,1140,2,0,,1
Update package.json with latest dependencies,2015-02-27,Merged,1136,4,6,json ,1
Fuelux2 intelligent dropdown cyclical dependency fix #1123,2015-03-03,Merged,1134,150,2,html ,3
Fixes JavaScript lint issue in tree,2015-02-26,Merged,1132,1,1,,1
Adds multiple tree open (disclose) and close API methods,2015-02-25,Merged,1125,808,389,html ,3
Add code coverage to QUnit tests,2015-02-25,Merged,1124,213,138,html ,4
Document how to restart builds with TravisCI,2015-02-20,Merged,1122,29,16,,0
Refactor grunt serve tasks,2015-02-20,Merged,1117,120,52,,1
Gh1019   deprecate checkbox and radio buttons,2015-03-04,Merged,1115,"2,645","1,321",js css ,3
Block screenshots from being checked in,2015-02-20,Merged,1112,3,0,,1
license file listed the company as ExactTarget,2015-02-20,Closed,1109,2,2,md ,1
"Remove unneeded NPM modules: grunticon, svgmin, volo & curl",2015-02-18,Merged,1108,1,5,,1
"Modify release task: Compile dist, prompts for version number",2015-02-20,Merged,1103,145,19,json html ,3
(GH1094---update-dist-and-qunit-process) fixes #1094 makes dist compile ...,2015-02-14,Closed,1096,147,21,json html ,3
Add compression to less:minify task,2015-02-17,Merged,1093,1,0,,1
fixed jquery selector on scheduler examples,2015-02-12,Merged,1091,11,15,,1
Add screenshots to unit testing,2015-02-12,Merged,1090,9,2,,1
Repeater Scope Bugfix,2015-02-12,Merged,1087,2,1,,1
corrected an event name in  wizard docs stepclick.fu.wizard -> stepclicked.fu.wizard,2015-02-12,Merged,1085,1,1,,1
first pass at implementing phantomjs for travis,2015-02-12,Closed,1084,78,2,json ,3
Updating docs to reflect new repeater API changes,2015-02-12,Merged,1083,111,121,,1
Repeater List Better Var Names,2015-02-11,Merged,1079,11,11,,1
Adding verbose to travis test task,2015-02-11,Merged,1078,1,1,,1
Bugfix for repeater list extension returning wrong rowData object in rowRenderer callback.,2015-02-11,Merged,1077,5,1,,2
"ensured the scheduler input checked attribute is being set, not just setting the active css class",2015-02-12,Merged,1074,30,5,,2
Solution needed for selectlist [data-resize]=auto when `display: none`- fixes #1069,2015-02-12,Merged,1073,146,27,map zip js less html ,13
removed explicit width on timezone label for scheduler to prevent wrapping issues,2015-02-10,Merged,1072,1,1,,1
updated control name in comments,2015-02-10,Merged,1071,1,1,,1
in an attempt to reduce the churn on dev.html let us try this,2015-02-10,Merged,1068,77,306,html example ,3
Repeater Plugin API Refactor,2015-02-10,Merged,1065,852,"2,171",,0
Repeater Plugin API Refactor,2015-02-09,Closed,1064,863,"2,182",,0
"Revert ""fixes #1017 add proper wrapper for checkbox and radio""",2015-02-09,Merged,1063,36,44,,2
Repeater Plugin API Refactor,2015-02-09,Closed,1061,23,11,,3
"Revert ""Repeater plugin api refactor""",2015-02-09,Merged,1060,"2,185",854,,0
Add destroy support for inline radio,2015-02-10,Merged,1058,55,17,js ,5
move/add id to input for better radio button handling (fix #1056),2015-02-09,Merged,1057,5,5,,2
Remove npm update from travis,2015-02-09,Merged,1053,0,1,,1
Add license URL,2015-02-09,Merged,1052,2,1,,1
corrects pillbox documentation around index being required (it isn't),2015-02-06,Merged,1051,3,3,,1
Gh1044   restructure less build to allow ampersand to not have fuelux in parents,2015-02-06,Merged,1047,61,33,js less ,4
Gh1044   restructure less build to allow ampersand to not have fuelux in parents,2015-02-06,Closed,1046,375,108,js css map zip ,6
(1040---highlight-html-tab) highlights html tab,2015-02-06,Merged,1045,11,0,,1
Repeater plugin api refactor,2015-02-09,Merged,1041,854,"2,185",,0
(1037---ignore-dist-in-bithound) adds /dist/ (and others) to ignore,2015-02-06,Merged,1039,47,0,,1
(1036---clean-up-pillbox-lint-issues) cleans up lint warnings,2015-02-06,Merged,1038,9,9,,1
"fixed documentation issue for selectlist, it previously referenced combox",2015-02-05,Merged,1034,1,1,,1
Added data-name for selectedItem,2015-03-02,Closed,1031,10,2,,1
Added attr.hasChildren to the tree's datasource documentation.,2015-02-04,Merged,1029,5,0,,1
cleans up codebase according to ET standards. fixes issue #1027,2015-02-03,Merged,1028,"1,698","1,320",,1
updated twitter account to @fuelux,2015-02-03,Merged,1026,3,3,md ,1
updated twitter account to @fuelux,2015-02-03,Merged,1025,1,1,,0
fixes #1017 add proper wrapper for checkbox and radio,2015-02-03,Merged,1023,44,36,,2
move label away from float and space caret in right side padding (fix #1021),2015-02-02,Merged,1020,9,7,,1
Bump vender assets and change moment.js URL,2015-01-30,Merged,1018,"17,197","11,707",css json ,4
Fix the basic recursion error using setTimeout,2015-02-02,Merged,1014,120,87,,3
add itemSelect option and associated test cases to tree.js,2015-01-30,Merged,1012,34,2,,2
Placard keyDown Accept/Cancel,2015-01-27,Merged,1009,33,0,,2
(984---rails-asset-precompilation-fails) :bug: declare charset in root o...,2015-01-27,Merged,1008,3,3,,2
Heroku dist build,2015-01-27,Merged,1007,11,3,js Procfile json ,3
1005   correctly apply focus on step change in wizard,2015-01-27,Merged,1006,50,54,,1
wizard: Dont steal focus when chaning steps.,2015-01-23,Closed,1005,17,14,,1
996   disable state not disabling,2015-01-27,Merged,1004,10,2,,1
Remove david dm badge (devDependencies) from readme,2015-01-22,Merged,1000,0,1,,0
Use .hidden on checkbox and radio toggle elements #987,2015-01-22,Merged,999,5,5,,2
grunt: combine bump and release tasks,2015-01-22,Merged,995,18,5,,1
Wizard buttons need type attribute #979,2015-01-22,Merged,994,2,2,,1
Toggle checkbox and radio in docs are broken Issue #985,2015-01-22,Merged,993,10,9,,2
Selectlist: Auto sizing not working again #980 fix and typo fix,2015-01-20,Merged,990,88,22,js less ,7
Selectlist: Auto sizing not working again #980 fix and typo fix - label no longer center aligned...now left aligned. Caret now right aligned.,2015-01-20,Closed,989,"1,425",326,js less json ,8
fixed link,2015-01-19,Merged,986,1,1,,1
Use svg instead of png to get better image quality,2015-01-19,Merged,983,1,1,,0
Selectlist: Auto sizing not working again #980,2015-01-20,Merged,982,"1,352",315,,0
Heroku deploy update,2015-01-19,Merged,981,13,5,json ,2
(gh-pages) :lipstick: :bug: :arrow_up: :fire: Merge Form Builder into ge...,2015-01-22,Merged,978,"9,465",9,css js ,9
update to fuelux 3.5.0,2015-01-15,Merged,977,"2,371",371,json md css map ,6
Fix Sauce Labs,2015-01-15,Merged,976,35,24,js json ,3
Add auto-deploy for travis when passing travis,2015-01-14,Merged,975,27,12,,1
Repeater Different Columns Bugfix,2015-01-09,Merged,971,175,14,js ,2
Selectlist: Auto sizing not working #948,2015-01-14,Merged,968,245,106,js ,2
issue-952-spinbox-disable,2015-01-06,Merged,967,32,27,js ,2
issue-959-update-bower,2015-01-06,Merged,966,"2,147",806,assets/vendor/fuelux/CNAME md ,2
issue-958-scheduler-options-documentation,2015-01-06,Merged,965,32,0,,1
issue-931-search-cleared-event,2015-01-05,Merged,963,13,25,js ,2
assign lang to locale for moment js,2015-01-05,Merged,962,3,0,,1
"moment deprecated ""lang"" for ""locale""",2015-01-05,Merged,961,2,2,,1
Start end scheduler options issue 627,2015-01-01,Merged,957,43,8,,2
Issue 921 pin to major dependencies,2014-12-31,Merged,955,9,9,html ,3
Document recommended checkbox event listening and checking state in docs,2014-12-31,Merged,954,8,0,,1
(refix-firefox-checkbox) fix firefox bug where checkbox appears to not c...,2015-01-01,Merged,949,3,1,,1
Pillbox edited event is not preserving existing value attribute for tag #946,2015-01-02,Closed,947,20,4,,2
(move-changed-further-along-the-pike) trying to avoid race conditions,2014-12-17,Closed,942,13,5,,1
(avoid-dupe-theads) make sure thead actually gets removed,2014-12-17,Merged,940,2,2,,1
Checkbox / Radio: Setting checked attribute on underlying input #906,2014-12-17,Merged,939,33,254,js ,3
Have to keep qunit where it is version wise. As soon as we upgrade version we have to change the global variables in the tests.,2014-12-31,Closed,938,9,9,html ,3
Checkbox / Radio: Setting checked attribute on underlying input #906,2014-12-15,Merged,937,2,0,,1
Update to Bootstrap 3.3 #918,2014-12-31,Merged,936,1,1,,1
Pin to major version of dependencies #921,2014-12-12,Closed,934,9,9,html ,3
Disable justify thumbnail view as default #919,2014-12-11,Merged,933,1,1,,1
search's cleared event is fired when field is empty #931,2015-01-05,Merged,932,16,5,,1
Bootstrap Heading tags (H1) are being overwritten by Fuel UX CSS,2014-12-11,Merged,930,0,33,,1
Need to update grunt bump #830,2014-12-10,Merged,927,16,5,json ,2
Lots of extra room at bottom of docs #811,2014-12-11,Merged,926,3,3,js ,2
issue-891-wizard-options,2014-12-11,Merged,925,38,1,,1
gh-pages-repeater-thumbnail-layout,2014-12-10,Merged,924,8,0,,1
letting native date construct date,2014-12-31,Merged,923,27,12,,1
Clear moment deprecated warning #915,2014-12-09,Closed,922,421,36,html css map zip ,9
Utilizing less to make file more readable,2014-12-08,Merged,917,59,1,,3
add support for passing options to datepickers when initializing schedul...,2015-01-01,Closed,914,40,8,,2
Cleanup and Additions - Variables and Helper Classes #863,2014-12-08,Closed,912,747,75,js json html css map zip ,8
tree: nowrap whitespace in tree-branch-header and tree-item,2014-12-05,Merged,910,6,1,,1
Remove saucelabs from travis,2014-12-15,Merged,909,31,32,,1
(907---make-checkbox-change-event-fire) make checkbox trigger change eve...,2014-12-08,Merged,908,67,16,html ,4
Allow multiple grunt projects to 'serve',2014-12-05,Merged,905,10,5,,1
Repeater Persisting Dataopts,2014-12-04,Merged,904,28,9,js ,2
Repeater Render Dataparams,2014-12-03,Merged,901,16,5,js ,2
Repeater Default Filter,2014-12-03,Merged,900,1,1,,1
(893---grunt-serve-fast-not-watching) added watch:contrib to servefast t...,2014-12-02,Merged,894,1,1,,1
(890---checkbox-not-clickable) fixed issue #890 and added appropriate un...,2014-12-04,Merged,892,21,5,,2
Tree: Hide chervron for folder that doesn't have children #860,2014-11-26,Merged,888,68,5,less ,3
Tree: Include static datasource with library #861,2014-12-03,Closed,887,141,232,js ,2
Repeater: Include static datasource with library #862,2014-12-03,Closed,886,813,138,,1
"Remove 100 row option from repeater ""number of items"" + cleanup",2014-11-26,Merged,885,3,7,,4
Repeater header background,2014-11-26,Merged,884,10,2,,1
Repeater headers unselectable,2014-11-26,Merged,883,13,0,,2
(gh-pages) updated docs to match new behaviour,2014-11-26,Merged,882,3,3,,1
(848---simplified-checkbox-fix) fix repeat label click issue,2014-11-26,Merged,881,6,3,,1
(848---speedup-try-2) add click handler to label to see if it will fix i...,2014-11-25,Closed,879,68,100,,1
Repeater List Style Bug,2014-11-25,Merged,878,1,1,,1
848   speed up checkbox,2014-11-25,Closed,876,778,696,html ,2
Repeater Thumbnail Alignment,2014-12-03,Merged,873,139,12,js less ,5
Repeater staticHeight bugfix,2014-11-25,Merged,872,1,1,,1
fixes tree documentation folderSelect should be true by default,2014-11-22,Merged,868,1,1,,1
Tree: Hide chervron for folder that doesn't have children #860,2014-11-26,Closed,867,93,9,less ,6
Remove white as tree selected nodes,2014-11-21,Merged,865,0,3,,1
Variables and Helper Classes #863,2014-12-05,Merged,864,240,1,,4
reinforce spacing around control buttons,2014-11-20,Merged,858,14,1,,1
fix typo,2014-11-20,Merged,857,1,1,,1
"Update selected background on repeater, datepicker, and tree",2014-11-16,Merged,852,23,16,,5
adjust template and style to allow thumbnail rows to justify,2014-11-21,Merged,851,43,5,less ,2
Repeater Thumbnail Selectable Fix,2014-11-20,Merged,850,29,24,js less ,3
updated selected background on repeater datepicker and tree. Changed col...,2014-11-21,Closed,847,23,16,,5
Repeater multiple view config,2014-11-14,Merged,845,158,86,js ,3
fixed docs for placard setValue,2014-11-16,Merged,844,1,1,,1
updated loader docs to previous from prev #840,2014-11-16,Merged,841,1,1,,1
Link repeater data 678,2014-11-07,Merged,838,1,0,,1
836   button type button prevent default,2014-11-07,Merged,837,118,104,,0
Make the search query lowercase as well for comparison.,2014-11-06,Merged,835,8,8,,1
added static and api examples to repeater #678,2014-11-07,Closed,832,1,1,,1
Repeat control trigger view changed audit,2014-11-10,Merged,829,12,10,,1
upgrade of grunt-contrib-less dependency causes bad min css; rolling bac...,2014-11-04,Merged,828,5,5,map json ,4
fixed link,2014-11-03,Merged,826,1,1,,1
documents checkbox events #788,2014-11-03,Merged,824,37,0,,1
Make grunt bump NOT push by default.,2014-10-31,Merged,823,3,6,,1
documents deprecating name for text #818,2014-10-31,Merged,822,2,2,,1
updated commented datasource to reflect name changed to text,2014-10-30,Merged,821,1,1,,1
Repeater List Options,2014-10-31,Merged,820,27,2,,1
documents column highlighting #773,2014-10-31,Merged,819,6,0,,1
support name and text in tree data source,2014-10-31,Merged,817,24,5,,2
"add grunt-bump, updates project version references",2014-10-31,Merged,815,16,0,json ,2
802   allow empty pills,2014-10-28,Merged,812,551,264,,0
installing travis client and running restart steps,2014-10-31,Merged,810,29,1,,0
Change ExactTarget references to Salesforce; plus some whitespace cleanup,2014-10-31,Closed,809,69,69,js ,16
"Revert ""bower-json-version: removing ""version"" from bower.json since it ...",2014-10-27,Merged,808,1,0,,1
(master) Added some changes back that got dropped during README merge,2014-10-27,Merged,807,14,16,,0
Improving Chrome focus highlighting,2014-10-27,Merged,804,6,1,less ,2
refactor to reflect bootstrap structure; simplify; remove ET references,2014-10-27,Merged,803,203,103,,0
(master) fixes #593 checks to see if pillbox contains only a comma and s...,2014-10-27,Closed,802,551,264,,0
remove body before redirecting instead of hiding,2014-10-24,Merged,801,7,8,,4
Documented support for clearing all items in pillbox,2014-10-24,Merged,800,4,1,,1
Fxed datepicker example markup and added event arguments for datepicker and wizard events.,2014-10-24,Merged,799,28,27,,6
enable redirect; hide content until redirect determined; datauri fuelux logo,2014-10-24,Merged,798,27,19,,5
changed ExactTarget to Salesforce in all comments,2014-10-27,Closed,797,31,31,js json ,21
"Changes language in ""Install Grunt"" part of README. Fixes #756",2014-10-23,Merged,796,1,1,,0
Moves ID to H4 to hit rule already in place. Fixes #751.,2014-10-23,Merged,795,3,3,,1
(gh-pages) combobox documentation,2014-10-23,Merged,794,50,31,,2
Removing bower.json version,2014-10-22,Merged,792,0,1,,1
Bower File Fix,2014-10-22,Merged,790,2,2,,1
Issue #784   tree  data source properties,2014-10-28,Closed,787,19,2,,2
Repeater Highlight -> Sorted,2014-10-22,Merged,785,5,5,less ,3
"Revert ""#725  pillbox text param""",2014-10-22,Merged,783,104,148,,2
(gh-pages) fixed formatting error in migration guide,2014-10-22,Merged,781,2,2,,1
changed highlight to sorted on repeater-list,2014-10-21,Closed,780,6,6,less ,3
(master) Updated README to reflect updates to gh-pages. Adopted a DRY st...,2014-10-27,Merged,779,58,117,md ,1
extra comma,2014-10-21,Merged,775,1,1,,1
Explicit package version for bower badge,2014-10-21,Merged,772,20,18,json ,1
add role to combobox markup and index markup,2014-10-21,Merged,771,4,4,,2
Repeater Highlighting Sorted Columns & No Tbody Dups,2014-10-21,Merged,769,271,44,js less ,3
Domain cleanup,2014-10-21,Merged,768,2,2,,2
update doc links in readme to use new domain,2014-10-21,Merged,767,5,5,,0
Alphabetical order,2014-10-21,Merged,764,1,1,,0
Add myself as a maintainer,2014-10-21,Merged,763,1,0,,0
Folder selectable had a button around the glyphicon-play icon. Causing added padding. Made default the same amount of padding as folder-selectable.,2014-10-21,Merged,762,1,0,,1
"(gh-pages) added quickstart guide to ""getting started"" to cut through al...",2014-10-21,Merged,761,173,126,html ,10
remove ms-clear from all fuelux controls,2014-10-21,Merged,760,40,1,,7
(master) added commented out reference to less compiled css,2014-10-21,Merged,758,3,0,,1
Make repo more contributor friendly,2014-10-20,Merged,757,89,67,md html ,2
"better handling of url variations; using ""replace"" to drop history recor...",2014-10-20,Merged,755,7,14,,1
Elaborate on list_columnRendered and list_rowRendered parameters,2014-10-21,Merged,754,18,11,,1
Add grunt task to promote pull requests when Fuel UX is a submodule or bower component,2014-10-22,Closed,753,18,4,,1
Readme refactor,2014-10-21,Merged,750,71,82,md json yml ,3
better support for other url parts like hashes [gh-pages],2014-10-18,Merged,749,4,2,,1
(master) reduce chances of PRs accidentally having changes to dist,2014-10-20,Closed,748,69,55,md ,1
Better test coverage for the tree +,2014-10-21,Merged,747,88,104,,2
redirect to custom domain with preferred protocol,2014-10-17,Merged,746,20,0,,1
Combobox add role 744,2014-10-21,Merged,745,0,0,,0
Fixing errors created in build.,2014-10-27,Merged,743,174,101,html ,3
Specify boundary for Dropdown Auto Flip Menu #560,2014-10-21,Merged,739,41,272,js ,2
period missing from tree event name,2014-10-16,Merged,738,1,1,,1
#725  pillbox text param,2014-10-21,Merged,736,148,104,,2
Make military time available in the scheduler #343,2014-10-16,Closed,735,782,349,,0
added .trim() to remove surrounding whitespace,2014-10-21,Merged,734,34,3,html ,3
727 Tree Alignment,2014-10-20,Closed,732,1,0,,1
(fix-radio-group-input) fix for bullet point inside radio for input grou...,2014-10-20,Merged,730,11,3,,1
added examples for checkbox/radio group inputs,2014-10-17,Merged,729,46,7,svg ,3
"rephrase ""CONTRIBUTE"" section to include environment setup",2014-10-13,Merged,724,19,10,,0
Repeater Better Event Handlers,2014-10-10,Merged,721,37,12,js ,4
(3.1.0-wip) syntax error fix,2014-10-10,Merged,720,1,1,,1
Repeater Selectable Thumbnails,2014-10-10,Merged,719,248,38,js less ,7
Pillbox: allowing data to be associated via jQuery with pillbox items,2014-10-10,Merged,718,36,17,,2
(3.1.0-wip) added support for radio and checkbox input group addon,2014-10-10,Merged,717,15,1,,3
add GA code to includes/header.html,2014-10-09,Merged,715,11,1,,1
repeater-list-refactor: making the repeater list better,2014-10-09,Merged,714,611,243,,1
Wizard issue 607,2014-10-14,Closed,713,25,17,js ,4
test markup close tag cleanup,2014-10-09,Merged,712,14,14,,6
Repeater list refactoring,2014-10-09,Closed,709,953,459,,1
Add clarity for noobs looking at index.js,2014-10-08,Merged,705,237,135,,0
Keyboard suggestion attr support,2014-10-08,Merged,704,15,4,,1
Pillbox and tree attribute revision,2014-10-03,Merged,703,269,94,,2
tree-rename-dataAttributes: dataAttributes to attr object for consistency w/ pillbox,2014-10-03,Merged,701,30,30,,3
Select tree item/folder event modifications,2014-10-08,Merged,700,15,10,,3
Datepicker Restricted Focus,2014-10-01,Merged,699,100,27,map zip js less ,8
Added a dateClick event for when a day is clicked on calender.,2014-10-01,Merged,698,1,0,,1
Repeater Search Clearing,2014-09-30,Merged,697,11,4,,1
pillbox-attributes: Add attributes object to addItems method,2014-09-30,Merged,696,61,9,html js ,5
Better Repeater data,2014-09-30,Merged,693,13,5,,2
pillbox-attributes: Add attributes object to addItems method [invalid],2014-09-30,Merged,692,28,2,,2
Repeater view nomarkup,2014-09-30,Merged,691,10,5,,1
Remove second tree event that fires a duplicate event,2014-09-29,Closed,690,0,4,,1
"Using onAdd adds ""undefined"" to the pillbox issue #676",2014-09-29,Merged,688,2,2,,1
Tree folder select options not returning when folderSelect option set to...,2014-09-29,Merged,687,1,1,,1
selectlist-icon-click: selected item is incorrect when child of <a> is clicked,2014-09-29,Merged,685,2,1,,1
(form-horizontal) accounted for form-horizontal,2014-09-29,Merged,684,9,1,,2
selectlist-icon-click: selected item is incorrect when child of <a> is c...,2014-09-29,Closed,682,2,1,,1
Gh pages audit,2014-10-02,Merged,680,"2,256","1,702",yml html ,8
(form-horizontal) accounted for form-horizontal,2014-09-29,Closed,675,9,1,,2
(form-horizontal) accounted for form-horizontal,2014-09-16,Closed,674,9,1,,2
spinbox: fix function name,2014-09-12,Merged,668,1,1,,1
3.0.2-wip: fix for issue #580 - infinitescroll now calls 'onScroll' func...,2014-09-12,Merged,667,7,3,js ,4
selectlist: fix 'select' examples,2014-09-12,Merged,666,3,3,,1
combobox: fix 'select' examples,2014-09-12,Merged,665,3,3,,1
3.0.2-wip: fix for issue #651 - infinitescroll plugin definition searche...,2014-09-12,Merged,664,8,8,js ,5
scheduler: fix monthly repeat in setValue(),2014-09-12,Merged,663,4,4,,1
Fix typo in scheduler startDateTime description,2014-09-11,Merged,662,1,1,,1
tree-populate-bug-fix: changes populate parent to be the tree container ...,2014-09-09,Merged,659,1,1,,1
"scheduler 'End after recurrence'  set to default: 1, min: 1",2014-09-11,Merged,654,1,1,,1
"Fix inconsistency with ""Last"" day of week value",2014-09-11,Merged,653,1,1,,1
datepicker-restricted-fix: datepicker had a bug in restricted logic that...,2014-09-08,Merged,650,26,14,js ,6
fix typo in scheduler markup,2014-09-05,Merged,644,2,2,,1
fix typo,2014-09-05,Closed,643,2,2,,1
(fix-examples) attached example code to example,2014-09-08,Closed,641,39,1,,2
"tree-dot-fix: remove class, update to fueluxicon-bullet",2014-09-08,Merged,639,3,14,less ,2
(GH593---dont-allow-pillbox-pills-to-be-blank) See how one developer use...,2014-09-05,Closed,637,12,10,js ,4
pillbox-form-submission,2014-08-29,Merged,636,19,13,js ,4
package-ignore-and-keywords: general bower clean up and package.json keywords,2014-08-29,Merged,635,27,17,,2
package-ignore-and-keywords: general bower clean up and package.json keywords,2014-08-29,Closed,634,24,13,,2
default-dropdown-header: selectlist: make default have <a>,2014-08-29,Merged,632,30,11,js ,2
search-class-wrapper: search: Add '.searched' wrapper,2014-08-29,Merged,630,8,2,,1
checkradio-highlight-padding: fixing checkbox and radio highlight left p...,2014-08-28,Merged,629,21,21,map zip js less ,8
Add icon support to Selectlist,2014-08-26,Merged,626,27,2,js ,2
use jQuery for global outside of interior function for .noConflict() mod...,2014-08-26,Merged,623,4,4,,1
removing saucelabs from v2.6.x,2014-08-22,Merged,622,3,30,js json ,4
Removing node modules,2014-08-22,Merged,620,88,"962,164",yml js md json zip bin/grunt bin/grunt-contrib bin/grunt-recess bin/grunt-saucelabs-qunit bin/testem jshintrc npmignore node_modules/grunt-contrib-clean/AUTHORS node_modules/grunt-contrib-clean/CHANGELOG node_modules/grunt-contrib-clean/LICENSE-MIT ,21
Fix specificity of wizard to avoid styling .step-content child elements,2014-08-26,Merged,619,38,38,map less ,4
Prevent default submit on <button> in datepicker,2014-08-21,Merged,611,169,162,,0
Tree folder select options not returning,2014-08-13,Merged,605,1,1,,1
3.0.0 wip,2014-08-12,Closed,604,1,1,,1
Edits from Ryan,2014-08-13,Closed,603,470,466,,3
Scheduler datepicker combobox changes,2014-08-11,Merged,601,503,258,map zip js ,6
Update moment.js to NPM/bower,2014-08-08,Merged,600,6,6,html ,4
update for accessibility / semantics / increase user affordance,2014-08-10,Merged,599,473,273,css map zip ,5
update for accessibility / semantics / increase user affordance,2014-08-08,Closed,598,468,258,css map zip ,5
Datepicker,2014-08-06,Merged,596,"2,204","2,547",,1
Update wizard.html,2014-08-10,Merged,595,4,4,,1
Tightened wizard target for steps,2014-08-10,Closed,592,27,27,map zip less ,5
add an 'todayLabel' option to datepicker,2014-08-10,Closed,591,32,1,,2
Namespace control data,2014-08-02,Merged,590,112,112,js html ,18
Some datepicker fixes,2014-07-29,Merged,589,43,5,,2
Contributing fuelux2 update,2014-07-28,Merged,588,25,1,,0
"Revert ""adding information about contributing to depreciated fuelux2""",2014-07-28,Merged,587,1,25,,0
adding information about contributing to depreciated fuelux2,2014-07-28,Merged,586,25,1,,0
Destroy method,2014-07-29,Merged,582,"1,417",507,js html ,17
fix for month/day swap when input field is focused and blurred and culture code is de,2014-07-28,Closed,581,43,5,,2
Composites init subs,2014-07-09,Merged,577,170,150,js html ,5
updating repeater-thumbnail unit tests,2014-07-02,Merged,572,106,3,js ,2
Code coverage + package.json update,2014-07-02,Merged,568,50,45,js html ,4
Wizard update,2014-07-01,Merged,567,45,68,js ,3
Tree pattern update,2014-07-02,Merged,566,722,432,css map eot svg ttf woff zip ,9
Pillbox updates,2014-06-27,Merged,563,507,101,css map zip ,5
"docs: formatting update, fixing typo in radio examples",2014-06-24,Closed,562,411,409,,4
Repeater thumbnail updates,2014-06-20,Merged,561,71,22,css map zip js less ,11
Make icon font-path variable,2014-06-19,Merged,559,11,6,less ,3
Spinbox decimal mark,2014-06-18,Merged,558,156,76,html ,4
Disabled icons,2014-06-17,Merged,557,56,12,map zip js html less ,13
Disabled icons,2014-06-17,Merged,556,59,6,js less ,11
Accessibility support part 2,2014-06-16,Merged,555,376,199,map ,3
Added option to use an optional callback to filter the actual number.,2014-06-16,Closed,553,18,8,,1
"Changing pattern to """" when no recurrance",2014-06-09,Closed,552,2,2,,1
Data attribute auto init,2014-06-09,Merged,549,267,132,,1
Data api auto init2,2014-06-06,Closed,548,284,186,css ,3
Checkbox: Refactoring,2014-06-16,Merged,547,105,62,js ,2
Fix spinbox width (make inline-block),2014-06-06,Merged,546,57,49,map js html less ,6
Update change event,2014-06-06,Merged,545,33,12,,4
Data api auto init,2014-06-06,Closed,544,284,186,css ,3
Heroku support,2014-06-06,Merged,543,21,4,yml Procfile html js json ,6
Update tree data source,2014-06-06,Merged,542,38,83,,4
Random fixes,2014-06-04,Merged,541,361,261,html js ,10
Namespace events,2014-06-02,Merged,540,104,93,,14
Pillbox 3.0.0 markup improvement div > li,2014-05-29,Merged,539,9,9,js ,3
WAI-ARIA support,2014-05-29,Merged,538,651,517,map js ,6
Solving issue #533 (Spinbox submitting form),2014-05-26,Merged,536,8,8,,1
Scheduler event trigger fix,2014-05-23,Merged,531,"1,100","1,025",css map js ,5
Scheduler markup style,2014-05-20,Merged,529,"1,303","1,218",map ,3
Docs for tree/pillbox/spinbox,2014-05-20,Merged,528,702,0,js ,4
First pass at selectlist and wizard,2014-05-09,Merged,519,"1,043",289,js ,6
checkbox documentation complete,2014-05-08,Merged,518,626,"1,303",css ,2
Add Components > AutoFlip and Search,2014-05-12,Closed,517,231,36,,2
Component > Combobox docs added,2014-05-08,Merged,516,44,22,,1
Gh pages start,2014-05-07,Merged,514,"63,349","1,360",html css ,6
Update checkradioloader,2014-05-07,Merged,513,172,584,eot svg ttf woff js less ,15
Responsify components,2014-05-07,Merged,512,897,889,css html less ,10
Input placard,2014-05-05,Merged,509,640,2,html less ,7
Update intelligent dropdown and pillbox,2014-05-05,Merged,485,490,395,css html ,6
Update readme,2014-04-29,Merged,482,186,148,js ,2
(update-readme-one-last-thing) updated readme,2014-04-28,Merged,481,29,29,,0
Travis sauce badges,2014-04-28,Merged,480,28,6,js md json ,3
Requests for roadmap/backlog of upcoming features,2014-04-24,Merged,478,12,0,,0
Remove datagrid,2014-04-24,Merged,477,912,"2,590",md ,1
3.0.0 wip tree adding folder selection,2014-04-24,Merged,476,165,9,js less ,4
Update unit test markup,2014-04-23,Merged,475,"1,051","1,039",js json html ,10
Hide passed tests,2014-04-23,Merged,474,4,1,js ,2
Repeater control,2014-04-22,Merged,473,"3,023",49,html ,5
Externalize markup for quinit tests into an html file,2014-04-22,Merged,472,770,328,js ,8
Scheduler tests update,2014-04-22,Merged,471,574,535,html ,6
Spinner: arrow keys support / up-down buttons behaviour,2014-04-21,Merged,470,16,0,,1
Spinner: handling arrow keys,2014-04-20,Closed,469,17,1,js ,2
Spinner: handling arrow keys,2014-04-20,Closed,468,16,0,,1
issue #466: spinner with arrow keys handling support,2014-04-20,Closed,467,14,0,,1
Fix datagrid test,2014-04-18,Merged,465,13,0,,1
3.0.0 dont forget selectlist,2014-04-21,Merged,463,2,1,less ,2
Update saucelabs - Part 2,2014-04-22,Merged,462,138,21,js json html ,5
Test strider ignore pull requests2,2014-04-17,Closed,461,"1,382",78,yml COPYING js json ,7
Testing strider ignore pull requests,2014-04-17,Closed,460,"1,372",75,yml COPYING js json ,7
Pillbox 3.0.0 wip unit test complete + small changes to the control,2014-04-15,Merged,459,94,55,,2
Update saucelabs,2014-04-15,Merged,458,185,40,yml js json html ,11
3.0.0 Pillbox unit testing and minor fixes,2014-04-11,Merged,457,114,59,js ,5
3.0.0 adding removeItems and some other stuff,2014-04-09,Merged,456,86,37,,1
Remove util,2014-04-08,Merged,455,52,79,html ,17
3.0.0 wip,2014-04-08,Merged,454,155,61,less ,2
Infinite scroll control,2014-04-07,Merged,453,336,9,html less ,12
Adding JS checks for jquery and some BS components,2014-04-08,Merged,452,6,1,,1
Move data.api / click events outside $(function(){}) when loaded,2014-04-07,Merged,451,64,66,,10
"2 CSS mixins to native, Grunt CSS clean up, node upgrade, pillbox padding fixes",2014-04-07,Merged,450,44,97,less json ,8
Prune less,2014-04-04,Closed,449,84,89,,6
3.0.0 wip,2014-04-04,Merged,448,199,50,js ,2
Cleaning up CSS grunt tasks and adding load-grunt-tasks,2014-04-04,Merged,447,38,48,json ,2
Feature/custom column rendering,2014-04-04,Merged,446,138,18,js zip ,9
BS3 switched to grunt-contib-less and away from recess,2014-04-04,Merged,444,49,15,json ,2
pillbox 3.0.0 pillbox progress intelligent suggestion drop,2014-04-04,Merged,443,20,6,html js less ,5
Adds custom rendering capability at the cell level,2014-04-04,Closed,442,128,13,zip ,8
3.0.0 pillbox added suggestions(typeahead),2014-04-02,Merged,441,163,74,js less ,4
better support of main menu and scrollspy when in smaller screens causin...,2014-04-01,Merged,440,34,0,,1
improve main menu and scrollspy when in smaller screens causing wrapping,2014-04-01,Closed,439,34,0,,1
(gh-pages) fixes issue 402. No information is better than wrong informat...,2014-04-02,Closed,438,"1,020","1,025",,0
pillbox 3.0.0 dataSource and acceptKeyCodes options added,2014-03-31,Merged,437,78,23,js less ,3
"Pretty up Wizard, add sample method buttons",2014-03-28,Merged,436,88,28,html js ,3
3.0.0 pillbox wip,2014-03-28,Merged,435,39,5,js less ,4
Bug in radio enable/disable sample method,2014-03-27,Merged,434,2,2,,1
Editing index.html markup to make it pretty for demo,2014-03-27,Merged,433,121,86,,1
Forcing button:not(.active) in scheduler weekly to be white (Chrome bug),2014-03-27,Merged,432,224,220,,0
3.0.0 wip,2014-03-27,Closed,431,"1,024,652","11,182",js ,2
Convert scheduler to tabs from spaces,2014-03-27,Merged,430,508,506,,1
Update scheduler markup to use spinbox component,2014-03-27,Merged,429,510,562,js ,2
Rename spinbox + convert to domready,2014-03-27,Merged,428,321,290,md html ,6
"Radio, search, and selectlist -- convert to domready init",2014-03-27,Merged,427,130,97,js ,7
Wizard updates,2014-03-27,Merged,426,142,37,js less ,3
3.0.0 wip,2014-03-27,Merged,425,783,113,json html less ,7
Combobox domready,2014-03-27,Merged,424,93,75,js ,4
"Combobox domready, clean up markup, explicitly explain component method buttons",2014-03-26,Closed,423,54,50,js ,3
Checkbox fixes for ie,2014-03-27,Merged,422,37,30,js ,2
scheduler 3.0.0,2014-03-25,Merged,421,131,117,less js ,3
selectlist mods,2014-03-24,Merged,420,47,43,js less json ,7
Node modules removal,2014-03-21,Merged,418,7,"993,240",bin/grunt bin/grunt-contrib bin/grunt-recess bin/grunt-saucelabs-qunit bin/testem jshintrc npmignore yml node_modules/grunt-contrib-clean/AUTHORS node_modules/grunt-contrib-clean/CHANGELOG md js node_modules/grunt-contrib-clean/LICENSE-MIT json ,14
Datepicker update & bower integration,2014-03-21,Merged,417,127,"30,998",gitignore json html js less ,8
3.0.0 wip improved unit testing for spinner,2014-03-21,Merged,416,34,1,,1
Updating SelectList (Select) to BS3,2014-03-21,Merged,415,375,371,js ,4
3.0.0 spinner unit testing + new functionality fixes,2014-03-20,Merged,413,32,5,,2
Adding headings to index.html (to aid in finding the correct component),2014-03-20,Merged,412,16,8,,1
wizard 3.0.0 updated markup and unit tests,2014-03-20,Merged,411,34,43,html js less ,5
3.0.0 wip,2014-03-18,Merged,410,94,19,,1
"Updated ComboBox markup to BS3, removed all CSS",2014-03-18,Merged,409,10,18,less ,2
Update Checkbox & Radio,2014-03-17,Merged,408,158,55,less ,7
Update loader,2014-03-14,Merged,407,154,118,html eot svg ttf woff less ,11
search 3.0.0,2014-03-14,Merged,406,55,37,html js less ,9
tree unit test update,2014-03-13,Merged,405,27,5,less js ,4
tree 3.0 updates,2014-03-13,Merged,404,"1,335",27,,0
3.0.0 wip,2014-03-12,Closed,403,"79,465","71,352",js ,2
Bs3 rename select preloader,2014-03-10,Merged,401,567,64,less ,5
Organize files,2014-03-07,Merged,400,"1,988",753,json html eot svg ttf woff ,34
Organize files,2014-03-07,Closed,399,"2,069",765,json html eot svg ttf woff ,34
fixing datepicker test.,2014-03-07,Merged,398,2,0,,1
Issue 396 changed event returning undefined,2014-03-07,Merged,397,12,9,,2
Bs3 add browser globals test,2014-03-07,Merged,395,720,594,js ,2
RestrictToYear option in datepicker,2014-03-07,Merged,394,81,12,less ,3
All font icons,2014-03-03,Merged,391,625,48,svg ttf woff ,11
Datepicker restrictToYear option,2014-03-03,Closed,390,73,5,less ,3
Fixing the blackout functionality for dates of last month on current cal...,2014-02-26,Merged,388,24,6,,2
Adding data-selected attribute while selecting item,2014-02-27,Closed,387,22,8,,2
Add umd,2014-02-26,Merged,386,8,3,,4
Fixing the blackout functionality for dates of last month on current cal...,2014-02-25,Closed,385,18,1,,2
Adding data-selected attribute while selecting item,2014-02-25,Closed,382,22,8,,2
Add umd,2014-02-21,Merged,380,"86,284","30,183",json ,2
Updated README.md,2014-02-19,Merged,379,5,0,,0
"""Twitter Bootstrap"" is now simply Bootstrap",2014-02-18,Merged,378,2,2,,2
"""Twitter Bootstrap"" is now simply Bootstrap",2014-02-18,Merged,377,5,5,js ,1
Updated index.html and index-imhtheme.html with updated datagrid documen...,2014-02-12,Merged,375,106,10,,2
"Document Checkbox / Radio Button ""Highlight"" Class",2014-02-10,Merged,374,2,1,,1
Adding border to wizard content by default,2014-02-10,Merged,373,6,0,,1
updating datepicker to use moment's native methods instead of accessing object directly,2014-02-04,Merged,368,2,2,,1
Added the ability to scroll horizontally in the stretch data grid.,2014-01-31,Closed,366,225,42,css html ,4
Feature datagrid select,2014-02-10,Merged,363,433,33,html js less ,6
removing extra render since setDate already calls it,2014-01-20,Merged,362,0,1,,1
Datagrid select,2014-01-21,Closed,360,776,83,css zip png ,8
Spinner Floating Point Fix,2014-01-06,Merged,359,7,0,,1
Fixing 2.5.1 loader with moment,2014-01-01,Merged,356,2,0,,1
adding past CSS class to previous month by default,2014-01-01,Merged,355,1,0,,1
Implementing date restriction on input parsing,2013-12-13,Merged,348,112,66,html ,3
Modifying where select control dynamically places sizing element,2013-12-04,Merged,346,7,1,,1
Excluding Datepicker Moment.js tests from IE9 and less,2013-11-29,Merged,342,414,358,,0
Updating scheduler tests because moment.js is loading inconsistently in tests.,2013-11-22,Merged,341,13,10,,2
Input parsing if moment available,2013-11-22,Merged,340,"7,740",49,,1
Removing date parsing on user input because of FF,2013-11-21,Merged,338,7,3,,1
Fixing datepicker invalid input problem when date is entered manually,2013-11-19,Merged,335,4,2,,1
Allowing datepicker to be initialized with null/blank value,2013-11-19,Merged,333,22,5,,2
Updating pillbox tests with events,2013-11-10,Merged,330,71,25,,1
Adding remove and add events to pillbox,2013-11-08,Merged,328,54,25,js ,2
Updating spaces to tabs for consistency,2013-11-06,Merged,324,14,15,,1
Datepicker event integration,2013-11-06,Merged,323,39,18,js ,4
Scheduler events,2013-11-05,Merged,322,31,6,html js less ,5
Add a preloader,2013-11-05,Merged,321,"1,138",4,eot svg ttf woff less html ,11
Updating Datepicker Unit Tests,2013-11-05,Merged,320,9,8,,1
Add a scheduler,2013-11-05,Merged,319,"4,543",678,css ,7
updating noConflict in boilerplate for every control,2013-11-05,Merged,318,18,12,,11
moving hidden inputs to negative left instead of negative top,2013-11-04,Merged,317,2,2,,2
moving hidden inputs to negative left instead of negative top,2013-11-04,Closed,316,18,4,less ,3
Datepicker - fixing blackout dates and date restriction,2013-10-30,Merged,310,46,20,,1
datepicker - removing unneccessary code in parseDate function,2013-10-30,Merged,309,2,10,,1
rerendering view of calendar correctly when setDate is called,2013-10-29,Merged,308,2,2,,1
Udpating boilerplate on all controls,2013-10-28,Merged,307,34,43,,11
Updating wizard tests,2013-10-28,Merged,306,36,29,,1
Wizard previous step restriction,2013-10-28,Merged,304,155,55,js ,3
Fixing ie8 datagrid test,2013-10-27,Merged,302,1,1,,1
fix for issue #151 - spinner control was issuing a change event on initi...,2013-10-25,Merged,301,22,14,zip ,7
completing issue #122 - select control should have a hidden input for fo...,2013-10-25,Merged,299,702,457,css zip less ,10
No conflict integration and standardization of control boilerplate,2013-10-23,Merged,297,313,243,,7
No conflict integration and standardization of control boilerplate,2013-10-22,Closed,296,313,243,,7
radio button fix,2013-10-22,Merged,295,4,4,,1
Add ability to pass error string back to datagrid,2013-10-25,Closed,290,88,0,,2
Display column sort indicator set through datagrid construction,2013-10-21,Merged,289,20,2,,2
Delete fuelux.zip,2013-10-21,Closed,288,0,0,,1
Datepicker Control,2013-10-22,Merged,286,"1,363",5,js ,2
Fix disappearing borders in datagrid headers in IE,2013-10-08,Merged,284,1,0,,1
Fixing selection of wizard step content,2013-10-07,Merged,283,1,1,,1
fixing selection of wizard step content,2013-10-07,Closed,282,1,1,,1
"Fix issue: one wizard controls (prev, next) cause all other wizards' steps to slide",2013-10-08,Closed,278,46,10,js ,2
Fix bug which causes step-pane content to disappear if there is more than one wizard in the page,2013-10-06,Closed,277,276,2,js orig ,3
"updating merge issues with radio.js, which will in turn fix travis build",2013-10-04,Merged,276,16,4,,1
Remove node_modules from Version Control,2013-10-03,Closed,275,1,"935,263",bin/grunt bin/grunt-contrib bin/grunt-recess bin/grunt-saucelabs-qunit bin/testem jshintrc npmignore yml node_modules/grunt-contrib-clean/AUTHORS node_modules/grunt-contrib-clean/CHANGELOG md js node_modules/grunt-contrib-clean/LICENSE-MIT json ,14
Wizard with multiple navigation options,2013-10-07,Closed,268,212,98,less ,2
Fix disable Opera support,2013-09-15,Merged,267,1,1,,1
Fix disable support for Opera,2013-09-15,Merged,266,1,1,,1
Extend radio support to Opera,2013-09-15,Closed,264,2,2,,1
Extend checkbox support to Opera,2013-09-15,Closed,263,2,2,,1
Wizard initialization improvements,2013-09-15,Closed,262,7,1,,1
Allow multiple .steps and .btn-prev/.btn-next buttons with each wizard.,2013-09-15,Closed,261,68,40,js ,2
Scope jQuery Selectors to allow for multiple wizards on the same page,2013-09-06,Merged,260,1,1,,1
Scope jQuery selectors to allow for multiple wizards on the same page,2013-09-04,Closed,257,2,2,,1
Making selectors for steps more specific,2013-09-06,Merged,253,4,4,,1
2.4.0 wip,2013-08-14,Closed,249,"472,518","941,708",js md ,2
Update wizard.js,2013-08-14,Merged,246,1,1,,1
"* Adds a cycle option to the spinner, so that the value will cycle betwe...",2013-08-02,Merged,241,20,0,,2
Fixes Issues #231,2013-08-01,Merged,239,26,5,css zip less ,8
double-click problem for next/prev buttons,2013-08-01,Merged,238,4,0,,1
add nested property support to datagrid,2013-08-09,Closed,237,12,1,,1
Add support for sortProperty,2013-08-07,Closed,228,3,1,,1
Additions to checkbox control,2013-07-22,Merged,225,3,1,,1
Additions to radio control,2013-07-19,Merged,224,4,0,,1
Added option hook for pillbox to trigger when a item is removed.,2013-07-11,Closed,222,29,11,js css zip less ,11
tree.populate now returns populated folder with event,2013-07-07,Merged,217,5,3,,1
Changes to tree.selectFolder; added tree.collapse,2013-07-07,Merged,216,47,22,,1
Issue 129,2013-07-27,Merged,215,126,13,,2
issue-161,2013-07-11,Merged,210,73,7,js ,3
issue-147,2013-07-02,Merged,209,80,1,,4
Added tree example - load nested json as initial selected items,2013-07-02,Merged,208,41,0,,1
RE: #195,2013-07-07,Closed,207,41,0,,1
issue-170,2013-06-20,Merged,206,20,2,,2
Issue 170,2013-06-20,Closed,205,23,3,less ,3
Extend wizard to support unlimited steps,2013-07-22,Merged,204,197,17,css zip less html ,13
issue-170,2013-06-20,Closed,203,23,4,js ,3
Fuel UX Intelligent Dropdowns,2013-07-07,Merged,202,407,10,js css zip less ,11
FuelUX Intelligent Dropdowns,2013-06-18,Closed,201,"471,020","941,489",js md ,2
Remove Window onLoad Event,2013-06-17,Closed,198,5,7,,1
Remove Window onLoad Event,2013-06-17,Closed,197,5,7,,1
Cleanup select resize method,2013-06-04,Closed,193,159,155,,1
Checkbox styling changes to fix IE bug.,2013-06-04,Merged,185,3,1,,1
Run appropriate test strategy for Travis CI,2013-05-17,Merged,179,"103,271","71,558",zip yml node_modules/grunt-contrib-clean/CHANGELOG md json node_modules/grunt-contrib-compress/CHANGELOG ,10
spinner.js - stopped changing the initial value if it is defined already,2013-05-16,Closed,176,3,1,,1
Fix for Issue 163,2013-04-13,Merged,164,51,75,css zip less html ,12
Issue 97 - further corrections,2013-04-02,Merged,150,120,120,,1
Updated gh-pages with new markup from #90.,2013-03-14,Merged,139,4,4,,1
Resolved Issue #90,2013-03-14,Merged,138,4,4,html ,2
Resolved Issue #119,2013-03-14,Merged,137,10,2,zip less ,5
Updated gh-pages with new markup from #88.,2013-03-14,Merged,136,2,2,,1
Resolved Issue #88,2013-03-14,Merged,135,39,15,zip html ,9
Resolved Issue #123,2013-03-14,Merged,134,17,11,css zip less ,7
Resolved Issue #127,2013-03-13,Merged,133,33,5,css zip less ,7
Resolved Issue #131,2013-03-13,Merged,132,27,7,zip ,9
Adding custom class to datagrid column,2013-03-12,Merged,130,3,1,,1
Adding custom class to datagrid column,2013-03-12,Closed,124,3,1,,1
Audbld 1825,2013-02-26,Merged,121,7,1,,1
Resolved Issue #75.,2013-02-20,Merged,118,14,6,,2
Resolved Issue #91,2013-02-20,Merged,117,9,5,,1
Updated with the latest grid markup for the sample markup section.,2013-02-18,Merged,115,71,42,,1
Updated with the latest wizard markup and the new stepClick event.,2013-02-18,Merged,114,43,36,,1
Issue 96,2013-02-18,Merged,113,52,5,zip html ,9
Updated the markup for the grids to be consistent with what's in the tes...,2013-02-16,Merged,112,137,85,,1
Updated the markup for the grids to be consistent with what's in the tes...,2013-02-16,Merged,111,86,49,js ,2
fixing 4 and 6 - example alignment. Just dropped them to the next line,2013-02-15,Merged,109,4,0,,2
fixes issues 1 for the 2.3.0 wip. simply adds a border-radius to cobobox...,2013-02-15,Merged,107,15,3,css zip less ,7
Fuelux alignment fixes 4and6,2013-02-15,Merged,106,27,5,css zip less html ,12
Fuelux alignment fixes 4and6,2013-02-15,Closed,105,27,5,css zip less html ,12
fixed 4 & 6 of 2.3.0 wip punchlist... combobox and search box needed to ...,2013-02-15,Closed,104,23,13,css zip less html ,12
Moved the datagrid search control to the left side now that the custom filter is present.,2013-02-15,Merged,103,15,12,zip less html ,6
Resolved an issue where the datagrid paging combobox is out of alignment with the paging buttons.,2013-02-15,Merged,102,7,1,zip less ,5
Resolved Issue 100.,2013-02-16,Merged,101,231,45,css zip less html ,12
change dependencies to devDependencies,2013-02-13,Merged,99,1,1,,1
Testem integration,2013-01-08,Merged,79,"407,187",814,zip css ,4
Resolved Issue 30.,2013-01-05,Closed,78,145,10,css zip less html ,14
Fix for Issue #76,2013-01-04,Merged,77,99,50,zip ,8
Fixes #30,2013-01-04,Closed,73,106,28,css zip less html ,15
Add stretchheight for datagrid,2013-01-01,Merged,71,503,72,css zip less ,7
"Wizard: fixed issue with finish button being disabled, added finished event",2012-12-14,Merged,69,60,32,zip html ,9
Added wizard control,2012-12-06,Merged,64,"1,274",7,css zip less ,6
Tree docs,2012-12-04,Merged,62,246,1,js ,2
added checkbox and radio button controls,2012-11-29,Merged,61,"1,392",7,,3
"updates to support enable/disable, setting/getting selected item",2012-11-29,Merged,60,819,233,,2
Issue 51 tree,2012-11-09,Merged,58,530,2,js less ,6
social buttons,2012-11-04,Merged,54,42,2,,1
Allow 0 as a minimum value in spinner,2012-11-04,Merged,53,8,8,zip ,7
added select control,2012-11-05,Merged,52,922,11,css zip less ,7
Complete datagrid unit test coverage,2012-10-28,Merged,45,137,3,,1
The spinner text refered to the pillbox,2012-10-25,Merged,42,1,1,,1
Add configurable dir locations for src and dist,2012-10-25,Closed,41,43,32,,2
Remove runtime AMD dependency,2012-09-27,Merged,35,"3,573",10,zip json ,7
Update FuelUX and spinner info,2012-08-25,Merged,28,37,19,js ,4
increment to step/only numberic values accepted,2012-08-24,Merged,27,"2,207","2,175",,0
documentation for the spinner,2012-08-23,Merged,23,"6,524","6,366",,0
spinner styles fix,2012-08-23,Merged,22,211,212,,0
"fuelux, issue 17 spinner",2012-08-21,Merged,20,746,6,css zip less ,7
Add basic Fileupload control,2012-11-29,Closed,16,682,10,css zip ,6
Add pillbox,2012-08-16,Merged,14,500,141,css zip less html ,11
Add datagrid,2012-08-08,Merged,4,"1,201",10,css ,5
Add search control,2012-08-03,Merged,3,278,3,zip html ,8
Configure for volo,2012-08-01,Merged,2,"660,040","92,306",zip node_modules/grunt-contrib/CHANGELOG md ,4
Added myself to readme file,2012-07-17,Merged,1,4,0,,0
