Add Ukrainian language,2020-01-06,Closed,3207,"23,593","25,385",gitmodules gradle ,3
Downgraded Ubuntu version on travis to hopefully fix #3144.,2019-12-25,Merged,3198,2,1,properties ,2
Switched to Gradle 5 on Minecraft 1.7.10,2019-12-31,Merged,3197,52,49,properties ,2
Update ru_RU.lang,2019-12-19,Merged,3185,6,0,,1
Use rawequal for comparison in pcallTimeoutCheck,2019-11-21,Merged,3178,1,1,,1
Test,2019-11-17,Closed,3177,181,3,gradle properties scala java ,9
Added Ordis (Warframe),2019-08-23,Merged,3147,1,0,,1
automatically adjust resolution to fit entire screen,2019-07-28,Closed,3132,37,0,,1
"add SimpleLogic support, close #3023",2019-07-26,Merged,3130,105,2,properties java lang scala ,8
"Fixed ""Dev jar"" link in read-me",2019-06-04,Merged,3101,2,2,,0
More HTTP request methods #1938,2019-06-15,Merged,3100,11,13,scala ,2
"fixes issue ""problem with enchanted instruments"" #3050",2019-05-29,Closed,3099,2,4,,1
"fixes issue ""itemDamageRate Do not Work"" #3041",2019-06-15,Merged,3098,10,10,,1
Explicit type conversion for hash map (#3080),2019-06-12,Merged,3083,7,4,,1
AE2 Cells don't have extra information they should,2019-06-04,Merged,3082,9,0,,1
call uptime instead of using cached time,2019-02-28,Merged,3059,9,9,,1
Update build.gradle,2019-06-15,Closed,3049,1,1,,1
Update robot.names,2019-06-15,Merged,3039,1,0,,1
Add \v escape sequenz,2019-02-02,Merged,3024,3,1,,1
Fixed some container names being unlocalized on 1.11+,2019-02-05,Merged,3022,3,3,,3
Update robot.names,2019-02-02,Merged,3016,4,3,,1
Update robot.names,2018-12-31,Closed,3015,3,2,,1
Make it possible to use an analyzer as a tablet upgrade for reading component IDs.,2019-06-15,Merged,3009,110,0,,4
Add env.lua,2018-12-17,Closed,3001,5,0,,1
Add .man extension to all Manpages,2018-12-17,Closed,3000,0,0,,47
Fix not honoring event handler timeouts and cursor issues in OpenOS,2019-02-07,Closed,2993,61,12,,3
Fixed T1 wireless cards receiving wired messages,2019-02-02,Merged,2992,3,0,,1
"Add ""leashHolder"" as a name",2018-11-05,Merged,2978,1,1,,1
Gave brief idea on computer programming,2018-10-27,Closed,2969,2,1,,0
Changed log level of some messages to reduce console spam,2018-10-07,Merged,2956,19,19,,4
Fix transferItem checking the wrong side (updated),2018-09-17,Merged,2946,2,2,,1
Fix transferItem checking the wrong side,2018-09-16,Closed,2945,2,2,,1
Add new symbols for the Ukranian language,2018-09-14,Closed,2943,0,0,,0
thaumcraft compatibility improvement,2019-06-30,Closed,2942,30,1,,1
Improved chunkloader upgrade,2018-10-31,Closed,2933,480,82,scala ,7
Adding Cut/Uncut operations to OpenOS editor,2018-10-31,Merged,2927,42,4,,1
Changed log level of some messages to reduce console spam,2018-09-01,Merged,2920,19,19,,4
Add lua 5.2 native library for Solaris i386,2018-08-07,Closed,2916,15,1,scala ,2
[WIP] Migrate from MightyPirates to MovingBlocks JNLua,2018-09-01,Merged,2898,32,32,so dll dylib scala ,29
"Support for the block property system in the geolyzer (closes #2746, #2184)",2018-09-01,Merged,2896,45,15,,1
Chinese doc folder Case fix,2018-07-17,Closed,2895,0,0,,0
Turkish Localization,2018-09-01,Merged,2893,497,0,,0
Fixes lightning issues with ShaderMod,2018-11-15,Merged,2889,2,0,,1
Revamp zh_cn manual (ready to go),2019-08-25,Merged,2888,"1,104","1,153",,0
"fix deprecations in JEI, update libraries",2018-07-05,Merged,2884,44,65,properties java scala ,9
fix #2858,2018-07-04,Merged,2882,2,2,,1
Fix 2858,2018-07-04,Closed,2881,"20,282","24,076",gitmodules ,2
funscii font update,2018-11-14,Merged,2878,36,10,,1
replace hardcoded hookInterval with BogoMIPS calculator,2018-07-04,Merged,2877,41,1,,1
Fix Extracells & mekanism deps. Fixes #2855,2018-07-04,Merged,2872,5,8,properties ,2
"Add Simplified Chinese translation of ""Transposer""",2018-07-04,Closed,2857,1,0,,1
Readded Project Red support,2018-09-20,Closed,2852,86,3,properties scala ,6
Proper .prop file recognition,2018-07-04,Merged,2836,1,1,,1
Add bundled cable support for ComputerCraft,2018-07-04,Merged,2815,44,0,,2
Update zh_CN.lang,2018-07-04,Merged,2811,209,211,,0
Support for setting private frequencies in EnderStorage (closes #2775).,2018-11-07,Closed,2803,100,97,scala java ,4
Support for setting private frequencies in EnderStorage (closes #2775).,2018-11-07,Closed,2802,73,54,scala java ,4
Correct minor typo,2018-10-31,Closed,2791,1,1,,1
Add support for ctrl-U to delete lines in the TTY.,2018-07-04,Closed,2776,5,0,,1
Changed filesystem and tile data (Lua state etc.) saving to occur in separate threads.,2018-11-10,Closed,2762,186,79,,3
[1.10] Make cable block highlight hug the block,2018-09-10,Closed,2755,146,20,,2
Add mutable strings - constant size byte arrays,2018-02-14,Closed,2744,189,5,scala ,7
Fix issue with drones not reclaiming chunkloader tickets,2018-02-14,Merged,2727,11,7,,2
Update openos/lib/uuid.lua to generate valid RFC4122 version 4 UUIDs,2018-01-11,Merged,2715,9,1,,1
Fixed #2313,2018-02-02,Merged,2705,13,1,,1
"Change retard condition, so native libraries are available at other OSes",2017-12-27,Closed,2701,2,2,,1
Font update,2017-12-22,Closed,2694,294,202,,0
Fix the crafting upgrade to use SlotCrafting,2017-12-19,Merged,2683,16,40,,1
Fix runClient and runServer Gradle tasks,2017-12-18,Merged,2673,4,1,,1
Fix wrong Gradle version being used on Travis CI,2017-12-16,Merged,2672,2,2,,1
[MC1.10] Add creative component bus,2018-01-05,Closed,2671,39,6,conf md lang json png scala ,10
Add creative component bus,2017-12-14,Merged,2670,28,6,conf md lang png scala ,9
[1.10.2] Make cable collision box closer to cable shape,2018-02-20,Closed,2669,40,26,,2
Make cable collision box closer to cable shape,2018-02-20,Merged,2668,41,16,,1
[1.10] Remove @Optional annotations that specify our lowercase mod ID,2017-12-06,Merged,2661,27,0,,1
Implement issue #2654,2017-12-06,Merged,2659,8,1,,2
Add tier 1 wireless card,2017-12-14,Merged,2657,291,132,md ,1
Fix too long without yielding error in Tree,2017-11-30,Merged,2651,10,0,,1
IRC Client Loot Disk: Readd the printing of a CTCP if it wasn't handled.,2017-12-01,Merged,2648,5,3,,1
Drones now properly update chunkloaders,2017-12-03,Merged,2645,9,2,,2
Add GERTiClient to OpenOS,2017-11-22,Closed,2639,485,0,,0
Miscellaneous tweaks to OpenOS,2017-11-22,Merged,2636,6,3,,2
Filesystem checkHandle can now accept a table,2017-11-24,Closed,2635,5,0,,1
"[1.12] Re-added AE, ExtraCells and Mekanism Integration",2017-11-23,Merged,2631,"1,109",0,properties scala java ,7
[1.10] Add ExtraCells and Mekanism integration,2017-11-23,Merged,2629,55,29,properties scala ,8
check for nbt advDmg for custom damage,2017-11-02,Merged,2610,5,0,,1
add redstone to chip diamond recipe,2017-11-05,Merged,2609,4,2,,1
Add robot names,2018-01-11,Merged,2607,2,0,,1
Allow getting yaw of player through tablet component,2017-10-26,Merged,2601,3,0,,1
Fix the Russian translation,2017-10-26,Merged,2599,697,698,,0
Fix wrong translation.,2017-10-24,Closed,2597,1,1,,1
Fix wrong translation.,2017-10-24,Closed,2596,1,1,,1
Fix wrong translation.,2017-10-24,Closed,2595,1,1,,1
Fix wrong translation.,2017-10-24,Closed,2594,1,1,,1
Fix wrong translation.,2017-10-24,Closed,2593,1,1,,1
Fix wrong translation.,2017-10-24,Closed,2592,1,1,,1
Fix wrong translation.,2017-10-24,Closed,2591,1,1,,1
Fix wrong translation.,2017-10-24,Closed,2590,1,1,,1
Fix wrong translation.,2017-10-24,Closed,2589,1,1,,1
Fix a translation mistake.,2017-10-24,Merged,2588,1,1,,1
Fix wrong translation.,2017-10-24,Closed,2587,1,1,,1
Fix wrong translation.,2017-10-24,Closed,2586,1,1,,1
Fix wrong translation.,2017-10-24,Closed,2585,1,1,,1
Fix wrong translation.,2017-10-24,Closed,2584,1,1,,1
Fix wrong translation.,2017-10-24,Closed,2583,1,1,,1
Fix wrong translation.,2017-10-24,Closed,2582,1,1,,1
Fix wrong translation.,2017-10-24,Closed,2581,1,1,,1
Fix wrong translation.,2017-10-24,Closed,2580,1,1,,1
Added Robot names,2018-01-11,Merged,2555,10,0,,1
Make actions work in the IRC client again..,2017-11-24,Merged,2544,4,6,,1
introduce screens to gpus in robot components,2017-10-03,Merged,2543,1,0,,1
Added ability to get real time,2018-01-05,Closed,2535,1,0,,1
closes #2507,2017-09-17,Merged,2520,1,1,,1
Upgrade AE2 API & Fix NPE in Import/Export/PartInterface drivers,2017-11-24,Closed,2519,4,4,jar scala ,5
Serialization table optimization,2017-09-09,Merged,2514,46,41,,1
fix ClassTransformer crash,2017-08-18,Merged,2496,1,1,,1
"update to Minecraft 1.12.1, various fixes",2017-08-12,Merged,2490,35,35,properties scala java ,9
Updated link to Lua code conventions,2017-10-04,Merged,2489,1,1,,0
Correct name for Galacticraft item,2018-07-04,Merged,2474,1,1,,1
Update forge version,2017-07-23,Merged,2466,58,44,properties scala ,13
Added Applied Energistics Support for 1.10 (rv4),2017-09-09,Merged,2465,198,209,properties jar scala ,7
Fix renderLeash patch signature.,2017-07-22,Merged,2462,1,1,,1
Add and Change some zh-CN.lang translations.,2017-07-22,Closed,2461,"1,417",96,,0
Upgrading Russian translation to the current state,2017-07-22,Merged,2460,20,0,lang ,1
Fix wtrunc behaviour with missing glyphs,2017-07-08,Merged,2457,2,2,,2
OpenOS: Add tree utility,2017-07-20,Merged,2453,321,0,,1
vt100 support,2017-07-04,Merged,2449,504,331,,7
openos 1.6.6,2017-06-26,Merged,2443,93,105,src/main/resources/assets/opencomputers/loot/openos/etc/profile shrc txt ,13
Better scrollwheel handling in edit.lua,2018-07-04,Closed,2439,20,2,,1
Update robot.names,2018-01-08,Merged,2438,3,0,,1
Added 'quiet' mode to serialization.serialize(),2017-06-24,Closed,2437,8,4,,3
Optimized sleep.lua interval parsing,2017-06-23,Merged,2436,3,11,,1
Optimized wrapped functions returned by coroutine.wrap(),2017-06-23,Closed,2433,1,4,,1
Optimized filesystem.name() / Fix filesystem.copy(),2017-06-23,Merged,2432,2,1,,1
Thread and Pipe patches,2017-06-21,Merged,2428,563,621,,5
openos 1.6.4,2017-06-11,Merged,2421,575,387,src/main/resources/assets/opencomputers/loot/openos/etc/profile ,11
Corrected global leak,2017-06-07,Merged,2416,1,1,,1
OpenOS 1.6.3 update,2017-06-02,Merged,2414,119,190,src/main/resources/assets/opencomputers/loot/openos/etc/motd ,12
"always respect mouseUp as a ""drop"" event",2017-06-12,Merged,2406,4,4,,1
Bubble bug,2017-05-26,Merged,2405,50,76,,15
Made tank controllers work better with blocks that provide multiple tanks.,2017-06-12,Merged,2404,47,11,,3
install and cp fixes,2017-05-23,Merged,2398,236,263,,5
"code cleanup, memory optimizations, slim term code, and file renaming",2017-05-14,Merged,2381,"1,831","1,878",src/main/resources/assets/opencomputers/loot/openos/etc/motd ,22
Fixed headings in README.md,2017-05-14,Merged,2380,4,4,,0
Update the input itemstack in insertIntoInventorySlot even during simulation.,2017-05-14,Merged,2379,11,19,,1
fix insertIntoInventorySlot not updating input stack in simulate mode,2017-05-14,Closed,2378,6,2,,1
Added support for forge energy.,2017-05-14,Merged,2369,94,0,,3
Add Manpages,2017-05-14,Merged,2363,59,0,src/main/resources/assets/opencomputers/loot/openos/usr/man/lshw src/main/resources/assets/opencomputers/loot/openos/usr/man/rmdir src/main/resources/assets/opencomputers/loot/openos/usr/man/set src/main/resources/assets/opencomputers/loot/openos/usr/man/unset ,5
Turned Motion Sensor into an upgrade.,2017-05-14,Merged,2359,196,118,,5
Re-add WR-CBE Integration,2017-04-22,Merged,2350,27,30,properties scala ,5
Update robot.names,2017-06-11,Merged,2343,3,2,,1
Add 3 names,2017-09-08,Closed,2324,2,1,,1
Added maxPacketParts method to the Network Card,2017-03-15,Closed,2298,4,3,scala ,2
Added maxPacketParts method to the Network Card,2017-03-06,Closed,2297,3,0,,1
Add SHODAN to list of robot names,2017-07-20,Merged,2265,1,0,,1
"term safe slow write, fix pastebin get, low mem loadfile fix",2017-02-04,Merged,2261,10,3,,3
Re-added ProjectRed integration.,2017-03-03,Merged,2260,33,29,properties scala ,6
Added MFU.,2017-02-03,Merged,2257,410,0,md lang recipes scala ,11
Allow debug cards to send messages to one another and text to a player's clipboard. Also added a command for sending messages to a debug card.,2017-02-03,Merged,2256,116,8,scala ,6
"1.6.1 update: memory, performance, devfs, relative links",2017-02-03,Merged,2251,"2,471","1,702",,7
Update Plan9k(Fixed PR),2016-12-30,Merged,2210,"1,291","1,615",,8
Allow addons to register their floppies for loot disk cycling.,2017-01-27,Merged,2209,82,6,scala ,6
use string and not unicde in text streams,2017-02-04,Closed,2196,11,11,,2
Fix time formatter bugs,2016-12-12,Merged,2183,5,4,,1
Fixed methods in ItemInventoryControl not doing what they are supposed to do.,2016-12-11,Merged,2181,8,6,,1
Added metadata-ignoring fuzzy option to robot.compare.,2016-12-17,Merged,2180,8,8,scala ,2
Rewrote InventoryUtils to use IItemHandlers.,2016-12-17,Merged,2175,219,171,scala ,11
Fix robots duplicating with SpongeForge.,2016-12-11,Merged,2174,6,2,,1
Admin-controllable synchronous execution support,2017-06-16,Closed,2168,247,3,lua scala ,6
Fix kernel naming in LuaJ,2016-11-30,Merged,2149,1,1,,1
Fixed RedLogic redstone input reading.,2016-11-21,Merged,2139,1,1,,1
Allow multiple environment providers to return environments for the same ItemStack.,2016-12-17,Merged,2136,39,2,scala ,4
Updated JEI integration.,2016-12-11,Merged,2135,50,23,info scala ,7
Re-added EnderIO integration and added Bundled Redstone support for EnderIO's Insulated Redstone Conduits,2016-12-11,Merged,2134,103,22,properties scala ,7
Fix Arbitrary Read/Write exploit,2016-11-21,Merged,2131,11,1,,1
make openloader installer compatable with openos install tool,2016-11-03,Merged,2118,16,15,lua ,2
Update ru_RU.lang,2016-12-17,Merged,2113,9,1,,1
wget and pastebin are now core to openos install,2016-11-02,Merged,2109,26,3,scala ,3
Io readnum no asterisk,2016-11-02,Merged,2108,5,2,,1
Update Plan9k,2016-12-30,Closed,2094,"1,291","1,615",,8
Update de_DE.lang,2017-11-24,Merged,2091,11,11,,1
Created and added functionality to debug Scoreboard class,2016-12-11,Merged,2080,126,0,,1
Added further functionality to the player object in the debug card,2016-10-15,Merged,2078,46,0,,1
World Inventory Analytics Improvements,2017-07-22,Merged,2075,176,6,scala ,4
Update EnderStorage driver to 1.10 API,2016-10-15,Merged,2074,62,19,properties scala java ,4
Check if the world is remote before killing the drone,2016-09-18,Merged,2060,3,1,,1
Updated forestry driver to forestry version 5.2(beta),2016-09-18,Merged,2028,33,24,properties scala java ,6
Fix Exception spam if HQM is installed,2016-09-18,Closed,2018,7,3,,1
Fix bit32.lrotate and bit32.rrotate,2016-09-18,Merged,2010,18,6,,1
Fixed issue 2000,2016-08-06,Merged,2004,1,1,,1
Added SignChangeEvent to sign upgrade,2016-09-18,Merged,1994,49,4,scala ,2
Added whitelisting of debug card owners.,2016-09-18,Merged,1993,312,71,scala ,7
math.pow() was removed in Lua 5.3,2016-07-30,Closed,1992,2,2,,1
Change scheduleIC2Add to use IEnergySink instead of IEnergyTile,2016-07-30,Merged,1989,1,1,,1
act like closed pipe when terminal becomes unavailable,2016-07-19,Merged,1984,3,1,,1
[1.9.4] Added a JEI GUI handler for the Relay.,2016-07-18,Merged,1980,21,3,,3
[1.10] Fully added JEI item highlighting.,2016-07-18,Merged,1979,38,2,scala ,4
[1.9.4] Re-added support for IGW-Mod.,2016-07-18,Merged,1978,9,11,properties scala ,5
[1.9.4] Re-added support for TIS-3D.,2016-07-18,Merged,1977,6,6,properties scala ,4
[1.9.4] Added subtype recognition for JEI.,2016-07-18,Merged,1976,39,7,,4
[1.9.4] Re-added NEI support.,2016-07-18,Merged,1975,64,55,properties scala ,10
improved terminal interruptions with smart shell support,2016-07-18,Merged,1973,356,304,src/main/resources/assets/opencomputers/loot/openos/etc/profile ,6
Fixed Callback Doc Handler for a very long last page.,2016-07-16,Merged,1970,4,1,,1
Added JEI handlers,2016-07-16,Merged,1969,354,61,,6
"improvements to guid, devfs, cat, cp, and system error clarity",2016-07-16,Merged,1967,482,153,,5
Allow properly launching OC in a dev env again.,2016-07-16,Merged,1965,2,2,scala ,2
Fixed Navigation Upgrade recipe.,2016-07-16,Merged,1964,4,4,,3
"adding native lib for sunos derivatives, built and tested on smartos",2018-07-04,Closed,1962,4,1,scala ,5
The most important fix in the history of this mod.,2016-07-13,Closed,1961,2,2,,1
Added a hard Minecraft version dependency to avoid the coremod not loading on incorrect versions.,2016-07-13,Merged,1960,2,1,scala ,2
Fix internet TCP events,2016-07-13,Merged,1959,13,3,,1
Set the max stack size of the Scrench to 1.,2016-07-13,Merged,1955,1,0,,1
Needful things,2016-07-12,Closed,1954,429,202,,6
The too-many-screens' solution,2016-07-13,Merged,1948,230,104,,5
Fixed Debug Card's setGameType.,2016-07-13,Merged,1946,3,3,,1
Made wrenching an Adapter's side turn it off.,2016-12-17,Merged,1945,122,27,,7
Moved most floppy software from /bin to /usr/bin.,2016-07-18,Merged,1944,0,0,,12
Fixed hover boots not being coloured.,2016-07-13,Merged,1943,6,0,,1
a possible too-many-screens' solution,2016-07-05,Closed,1934,158,71,,4
pt_BR's Translation,2016-07-03,Merged,1931,481,0,,0
[Translation] pt_BR - Master mc1 7 10,2016-07-02,Closed,1930,0,0,,0
"fixes for install, cp, ln, and shell parsing",2016-07-02,Merged,1925,39,29,,6
Send internet events when ready to read,2016-06-25,Closed,1906,63,7,,1
"fixes for buffer, install, ls, package, profile, rc, sh",2016-06-25,Merged,1903,21,20,,7
changes to pwd and /mnt,2016-07-02,Merged,1900,6,4,src/main/resources/assets/opencomputers/loot/openos/etc/profile ,3
plan9k .prop to guide openos install,2016-06-15,Merged,1880,1,0,,1
regression fix: add check for nil due to split code,2016-06-15,Merged,1876,20,17,lua ,5
openos 1.6 release candidate,2016-06-12,Merged,1861,"1,067",239,prop lua ,7
MineOS loot disk request,2016-06-08,Closed,1857,386,0,lua ,2
Added saveConfiguration to manual,2016-06-11,Merged,1855,1,0,,0
Faster serialization library,2017-09-08,Closed,1843,86,127,,1
Faster serialization library with additional features,2016-06-02,Closed,1842,10,10,so dll dylib lua ,19
link update,2016-06-06,Merged,1836,1,1,,0
tab complete fix where whitespace after redirection would not be trimmed,2016-05-28,Merged,1833,21,2,,1
fix tab complete following redirections and whitespace,2016-05-28,Closed,1832,"114,030","82,795",gitmodules yml LICENSE LICENSE-mods LICENSE-typesafe ,6
Don't use the broken GlStateManager #pushAttrib / #popAttrib.,2016-05-26,Closed,1819,72,72,,20
simplify term hint text indexing and fix lua prompt hint handler,2016-05-25,Merged,1815,9,6,,2
Fixed hover boots texture,2016-05-14,Merged,1806,2,1,png ,2
Adds three more names to the list,2016-05-11,Merged,1787,3,0,,1
devfs should be rw,2016-05-11,Merged,1786,1,5,,2
fix onTouch (mouse click) for unicode support in shell,2016-04-27,Merged,1782,23,3,,1
"big awesome update for devfs, command substitution, and io redirection",2016-04-27,Merged,1776,345,209,,5
"Chomp \r and \r\n from lines, not just \n",2016-04-16,Merged,1768,12,5,,1
"cp -P added to support preserving symlinks. Also, -r enables -P",2016-04-16,Merged,1767,7,0,,1
Shift tab,2016-04-07,Merged,1758,25,9,,2
Continue tab complete on single hit results into children,2016-04-06,Merged,1744,16,0,,1
Buffer chomp,2016-04-06,Closed,1743,9,3,,1
term wrapping and sh tab completion fixes,2016-04-06,Merged,1737,23,31,,3
"delay load, term, and grep fixed",2016-04-02,Merged,1734,106,82,,6
"Made memory calculation a lot less hardcoded, finally allowing addons to define custom memory types.",2016-04-05,Merged,1733,12,15,scala ,4
Improved rotation of computer spawning command.,2016-04-02,Merged,1732,25,1,,1
Typo in WirelessNetworkCard.setStrength?,2016-04-01,Merged,1729,2,2,,1
"give /bin/time much better output using uptime, big thanks to gamax92",2016-03-27,Merged,1712,7,11,,1
"make coroutine wrap create tracked coroutines, needed for process data",2016-03-27,Merged,1711,35,35,,2
Updates for 1.6,2016-03-27,Merged,1709,28,13,lang ,1
Update zh_CN.lang,2016-03-24,Merged,1705,272,65,,0
Fixed side-only method in hover boots not being side-only.,2016-03-21,Merged,1701,5,1,,1
Add integration with the IC2 redstone port,2016-03-20,Merged,1700,98,0,scala ,2
"fix term ctrl key (regression), fix grep display",2016-03-09,Merged,1681,83,51,,4
Updated hoverBoots description,2016-03-09,Merged,1680,3,1,,0
"fix mouse click cursor placement, add ctrl+move to jump words",2016-03-02,Merged,1679,22,6,,1
"new term library, faster, light-weight, better widechars",2016-03-01,Merged,1675,967,"1,413",,7
Made Hover Boots dyeable.,2016-02-24,Merged,1669,242,11,png scala ,8
Modernized PetRenderer,2016-02-24,Merged,1664,18,15,,1
Add ThaumicEnergistics support,2016-02-24,Merged,1652,126,1,properties conf scala ,9
fixing cp -x,2016-02-24,Merged,1649,7,2,,2
severe text split inefficiency found and fixed,2016-02-11,Merged,1647,31,20,,1
fix cp one file system option,2016-02-11,Merged,1644,4,4,,1
fix cp one file system option and fix no args to time command,2016-02-08,Closed,1643,7,5,,1
TehBot,2016-02-09,Closed,1641,1,0,,1
Mystcraft converters look for correct NBT tag for book name,2016-02-07,Merged,1640,4,4,,2
Fix __gc and use raw metatable when it's disabled,2016-01-31,Merged,1632,23,17,,1
Allow specifying AE2 CPU when crafting,2016-01-31,Merged,1628,9,2,,1
Mycroft Holmes,2016-01-31,Merged,1622,1,0,,1
Added `playSoundAt` to debug card.,2016-01-31,Merged,1617,10,0,,1
Use coloredlightscore jenkins,2016-01-15,Merged,1612,3,2,properties ,2
"openos overhaul, bash like shell and more bin utils",2016-02-07,Merged,1610,"4,193","1,316",,8
PetRenderer.scala modernisation,2016-02-20,Closed,1604,35,17,properties md lang scala ,4
Trading Upgrade/TIS3d,2016-01-12,Merged,1603,14,0,lang ,1
Trading Upgrade,2016-01-04,Merged,1595,372,3,lang recipes png scala ,12
Ninjafix unbootable plan9k floppy,2015-12-31,Merged,1591,15,11,db ,3
Update Plan9k,2015-12-30,Merged,1590,317,64,cfg ,7
Add 2 Robot Names,2015-12-24,Merged,1582,2,0,,1
Added rack disk drive,2015-12-24,Merged,1580,2,0,,1
Update Plan9k,2015-12-20,Merged,1576,"3,311",445,,2
Fixed embedSlot in GuiType,2015-12-19,Merged,1573,2,2,,1
Network activity LED for servers,2015-12-17,Merged,1572,270,10,png scala ,12
Add filename to FileNotFoundExceptions thrown in various filesystem implementations,2015-12-18,Merged,1570,10,10,,7
Fix network card visibility in rack,2015-12-16,Merged,1569,12,7,,1
[1.6] Fixed network card message target for servers,2015-12-16,Merged,1562,9,6,,1
[1.6] Fixed rack power crash,2015-12-15,Merged,1561,7,5,,2
Fix uC crash,2015-12-14,Merged,1560,2,2,,1
Added support for HTTP request headers,2015-12-27,Merged,1556,20,7,lua scala ,4
Added term windows and multiscreen support to keyboard lib,2015-12-24,Merged,1539,877,370,,1
Added term windows,2015-11-28,Closed,1532,337,181,,0
Able to control RTM(Real Train Mod) signals with OC,2015-10-25,Closed,1503,1,1,so dll dylib ,18
Update zh_TW.lang,2017-11-24,Merged,1493,218,18,,0
Update robot.names,2017-02-04,Closed,1484,8,1,,1
disk usage bin utility,2015-10-13,Merged,1481,133,0,,1
Add more complex tokenization logic,2016-02-27,Closed,1478,120,25,,1
Add backtick quoting to text.tokenize,2015-10-08,Closed,1477,2,2,,1
alias change to use equal sign and allow list of input,2015-10-17,Merged,1473,50,12,,1
Adding french translation for assets/opencomputers/doc,2015-11-20,Merged,1471,"1,289",0,,0
make cd.lua nearly POSIX compliant,2015-09-29,Merged,1466,99,5,,1
fix tab complete bug when using ./ as path,2015-09-26,Merged,1461,11,10,,1
Add Florian's nanomachine program into OpenOS - Program may need some cleanup,2015-09-25,Closed,1460,140,0,,1
Add Rotarycraft Integration (item stack converters for jetpacks and â€¦,2015-10-02,Merged,1455,97,0,java ,4
Fix #1445 in RU translation,2015-09-20,Merged,1446,1,1,,0
name change and added chappie,2015-09-19,Merged,1443,2,1,,1
Some tweaks to the nanomachines in RU translation,2015-09-19,Merged,1441,13,7,,0
Update robot.names,2015-09-19,Merged,1439,1,0,,1
Made OC not crash on startup,2015-09-18,Merged,1437,1,2,,1
Added death messages to RU translation,2015-09-18,Merged,1436,11,2,lang ,1
Update en_US.lang,2015-09-18,Merged,1435,1,1,,1
Added NanoMachines to RU translation,2015-09-17,Merged,1434,106,3,lang ,1
Change EnderIO wrench integration to latest EnderIO API.,2017-11-24,Closed,1432,1,1,,1
Correct links in readme.md,2015-09-17,Merged,1431,3,2,,0
Added transposer to manual index in RU,2015-09-14,Merged,1426,1,0,,0
Added transposer to manual index.,2015-09-14,Merged,1424,1,0,,0
Fix Typoes in application.conf,2016-07-13,Merged,1423,4,4,,1
Sh patch,2015-09-17,Merged,1422,21,6,,1
use path as given by user in sh shell in tab completion,2015-09-14,Closed,1420,15,4,,1
Add password-protected debug cards,2016-07-30,Closed,1419,122,55,scala ,2
"Update to the proper final repo for NeK. Or so I hope, at least.",2015-09-14,Merged,1407,3,3,properties ,2
Fix for NeK maven being removed,2015-09-05,Merged,1403,4,4,properties ,2
Update plan9k,2015-08-30,Merged,1394,"1,098",51,,13
Added Transposer to Russian translation,2015-08-29,Merged,1393,12,1,lang ,1
Added Relay to Russian translation,2015-08-25,Merged,1388,25,5,lang ,1
Update greetings.txt,2015-08-25,Merged,1386,2,2,,0
Change usage of gitref in versioning,2015-08-14,Merged,1370,3,2,,1
Adding german translation for assets/opencomputers/doc,2015-11-14,Merged,1361,"1,145",6,,0
Add parameter to disable resolution reset,2015-08-12,Merged,1360,11,8,,1
Change some config option names.,2015-08-06,Merged,1354,2,2,,1
German translation update,2015-08-05,Merged,1351,10,1,,1
Translate unmanaged/managed modes,2015-08-04,Merged,1347,7,1,,1
Remove outdated lua 5.3 warning in app config file,2015-08-02,Merged,1344,1,3,,1
Add NBT editing functionality to Debug Card,2015-07-26,Merged,1337,99,2,,1
Enable Travis caching feature,2015-07-26,Merged,1336,4,0,,1
"Updated datacard, correct misspelling",2015-07-25,Merged,1332,31,22,,0
Wobbo is Wobbo.,2015-07-25,Merged,1328,2,1,,1
Fixed spelling and grammar errors within the man pages.,2015-07-25,Merged,1327,13,14,src/main/resources/assets/opencomputers/loot/OpenOS/usr/man/date src/main/resources/assets/opencomputers/loot/OpenOS/usr/man/more src/main/resources/assets/opencomputers/loot/OpenOS/usr/man/rc src/main/resources/assets/opencomputers/loot/OpenOS/usr/man/resolution src/main/resources/assets/opencomputers/loot/OpenOS/usr/man/umount ,6
Changed one line in Russian translation.,2017-11-24,Closed,1326,20,20,,1
Added some new robot names,2015-07-25,Merged,1324,9,0,,1
Update Plan9k,2015-07-21,Merged,1317,414,54,cfg ,15
Advanced data cards (Tier 2 & 3),2015-07-25,Merged,1312,655,123,conf md lang lua ,6
tostring( reason ) is never false/nil,2015-07-19,Merged,1311,1,1,,1
Given a smaller buffer to output,2017-02-04,Closed,1308,5,4,,1
Cause I R Dumb.,2015-07-17,Closed,1302,1,1,,1
Cause I R Dumb.,2015-07-17,Merged,1301,1,1,,1
Fix ProjectRed dep and make hollow covers close on cables.,2015-07-12,Merged,1290,26,11,properties scala ,3
Added Netsplitter to RU lang,2015-07-11,Merged,1286,11,1,lang ,1
"David from the movie ""A.I. - Artificial Intelligence""",2015-07-09,Merged,1276,1,0,,1
Corrected 2 small mistakes,2015-07-06,Merged,1272,2,2,,0
Added Copy to clipboard to RU lang,2015-07-06,Merged,1271,1,0,,1
ignore closed pipe writes to dead coroutines and fix stalled pipes,2015-07-06,Merged,1269,7,6,,1
ignore all writes to a closed pipe stream if next is dead,2015-07-05,Closed,1268,5,1,,1
fix piped quiet commands from stalling the pipe chain,2015-07-05,Closed,1266,2,5,,1
fix coroutine resume by forcing write on close,2015-07-03,Merged,1264,5,1,,1
Plan9k loot disk,2015-07-12,Merged,1235,830,72,,4
Added EC Integration,2015-06-16,Merged,1223,163,1,properties scala ,11
Add Extracells integration,2015-06-16,Closed,1221,165,2,properties scala ,11
Added DataCard to Russian Translation,2015-06-15,Merged,1220,9,0,lang ,1
Fixed network stack multiple tcp connections,2015-06-14,Merged,1219,2,2,,1
Add capslock to keyboard.lua,2015-06-14,Merged,1218,1,0,,1
Handle a string parameter for keyboard.isKeyDown(),2015-06-14,Closed,1214,1,1,,1
Updated and corrected German lang file,2015-06-16,Merged,1210,113,22,,0
Grammar + Format,2015-06-09,Merged,1208,3,2,,0
of > off,2015-06-07,Merged,1198,1,1,,1
Update fr_FR.lang,2015-06-05,Merged,1197,73,13,,1
Added Creative APU and Hover Boots,2015-06-04,Merged,1196,29,0,lang ,1
Made the SimpleComponent injection message more descriptive.,2015-06-07,Closed,1194,8,7,scala ,4
Add Data Card.,2015-06-14,Merged,1190,358,0,lua recipes scala ,14
Fix FileSystem in devspace when path contains spaces,2015-05-30,Merged,1186,13,10,,1
Allow fake endstone in hoverUpgrade2 recipe,2015-05-23,Merged,1168,2,2,,1
Made a few README.md modifications,2015-05-20,Merged,1163,5,5,,0
Removed duplicate Ctrl+C-Handling from term.read,2015-05-17,Merged,1158,4,3,,1
Updated index.md and added endstone in russian translation,2015-05-16,Merged,1153,4,2,lang ,1
Fixed Interface named as me_controller when chanels disabled,2015-05-19,Closed,1152,2,2,,1
Update index.md,2015-05-15,Merged,1151,2,2,,0
Corrected mistakes/ Added hover upgrade,2015-05-04,Merged,1128,27,7,lang ,1
Allow [name]/init.lua in require.,2015-05-02,Merged,1118,1,1,,1
Implement event.pullMultiple and event.pullFiltered,2015-04-30,Merged,1111,101,28,src/main/resources/assets/opencomputers/loot/OpenOS/usr/man/dmesg ,3
Added waypoint,2015-04-29,Merged,1106,15,2,lang ,1
Fix: standard io streams being closable,2015-04-21,Merged,1095,4,0,,1
Fixed use of setRawDelay config option,2015-04-20,Merged,1093,1,1,,1
Basic self-update program for OpenOS,2015-05-01,Closed,1092,144,3,src/main/resources/assets/opencomputers/loot/OpenOS/usr/man/install src/main/resources/assets/opencomputers/loot/OpenOS/usr/man/update ,4
Create accessPoint.md in german language.,2015-04-19,Closed,1090,11,0,,0
Fix #1086 in russian manual,2015-04-19,Merged,1089,4,4,,0
fixed typo for Ink Cartridge,2015-04-19,Merged,1088,3,3,,1
Updated russian translation,2015-04-19,Merged,1087,228,55,,0
Add peaceful-friendly recipe file,2015-04-18,Merged,1084,78,2,,3
Russian translation for manual,2015-04-17,Merged,1078,"1,080",0,,0
Update robot.names,2015-04-17,Closed,1075,3,0,,1
Added Baymax as a robot name.,2015-04-17,Merged,1074,1,0,,1
Update oppm.lua,2015-04-18,Merged,1073,6,1,,1
Added Baymax as a robot name.,2015-04-15,Closed,1072,1,0,,1
Added Baymax as a robot name.,2015-04-15,Closed,1071,2,0,,1
OPPM is apparently craftable now.,2015-04-14,Merged,1063,1,1,,1
Documentation updates/changes/overhauls/etc,2015-04-14,Merged,1062,154,153,,0
"Added text to index.md, added lua.md and openOS.md",2015-04-11,Merged,1057,46,7,,0
"Added general info for OpenOS and Lua programming, added text to index",2015-04-11,Closed,1056,117,77,md scala ,8
Updated Gradle to 2.3.,2015-04-10,Merged,1047,1,1,,1
Index file for Blocks,2015-04-09,Merged,1042,55,1,,0
"OC doc crafting pics, should be merged soon",2015-04-09,Closed,1040,111,1,,0
Added Ore Processing to OpenComputers.,2015-04-09,Merged,1037,12,0,,0
In-game documentation files,2015-04-09,Merged,1036,242,86,,0
"Made some changes to in-game documentation, merge before re-arranging files.",2015-04-08,Merged,1035,41,13,,0
Recoloured some of the loot disks.,2015-04-08,Merged,1032,11,10,,1
"Basic IGW integration, waiting for new hook allowing dynamic content",2015-04-09,Closed,1029,48,0,scala ,3
Update de_DE.lang,2015-04-05,Merged,1022,23,23,,1
Ae integration,2015-04-05,Merged,1020,302,5,,5
Update README.md,2015-04-02,Merged,1009,3,1,,0
Label some stuff,2015-04-04,Closed,1008,4,4,,1
Cortana added to robots.name,2015-04-04,Closed,1003,131,3,properties names scala ,8
Update .gitignore,2015-04-01,Merged,995,4,1,,1
Function to get the itemstacks friendly name,2015-03-31,Closed,994,4,0,,1
cat.lua now closes opened files properly,2015-03-31,Merged,991,2,1,,1
Mandatory OPPM Update,2015-03-30,Merged,983,105,26,,1
Make stuff more easily readable,2015-04-02,Closed,962,8,1,,1
Added Robot Name,2015-04-26,Merged,956,1,0,,1
Improved rc script system,2015-02-25,Merged,939,93,8,src/main/resources/assets/opencomputers/loot/OpenOS/usr/man/rc ,3
Added basic hostname mechanism to OpenOS,2015-02-19,Merged,924,42,1,src/main/resources/assets/opencomputers/loot/OpenOS/usr/man/hostname ,3
Create pt_BR.lang,2015-04-06,Closed,923,377,0,,0
Update robot.names,2015-02-17,Merged,921,1,0,,1
Add backwards compatibility to OpenLoader,2015-02-16,Merged,916,19,3,,2
Event view program for OpenOS,2015-02-16,Merged,915,39,0,src/main/resources/assets/opencomputers/loot/OpenOS/usr/man/dmesg ,2
Clean io mode for sh.lua,2015-02-14,Merged,912,17,0,,1
Add converters for World and WorldProvider objects,2015-02-13,Merged,901,45,0,,3
"Allow ""flattened"" converted values to be recursively converted",2015-02-09,Merged,897,8,6,,1
Create yes,2015-02-05,Merged,890,24,0,,1
Create yes.lua,2015-02-05,Merged,889,42,0,,1
Update robot.names,2015-02-14,Merged,870,2,0,,1
Make the Sides API more idiomatic,2015-02-01,Merged,867,25,0,,1
Make port number optional in irc.lua,2015-01-27,Merged,854,5,1,,1
Fix InventoryUtils.insertIntoInventory,2015-02-07,Merged,848,0,0,,0
Fixed filesystem.list returning a list with duplicate values,2015-01-19,Merged,832,1,1,,1
Added match check to term.read,2015-01-15,Merged,817,11,6,,1
Add Botania integration,2015-01-15,Closed,815,290,0,properties scala java ,10
Add BloodMagic integration,2015-01-14,Merged,809,203,0,properties scala java ,7
"Fix build.gradle for Gradle 2.x, copy over assets automatically",2015-01-12,Merged,806,9,2,,1
Fix issues with locale/tonumber() on some machines,2015-02-13,Closed,800,4,4,scala ,2
Minor bug in flash.lua,2015-01-10,Closed,799,1,0,,1
Fixed quiet mode in opl-flash,2015-01-05,Merged,787,4,3,,1
Add ability to save current EEPROM to file in flash.lua,2015-01-05,Merged,785,28,6,,1
Allow changing the color of robots' lights to an arbitrary color via API...,2015-01-03,Merged,777,47,0,scala ,8
"Add readNumber()/file:read(""*n"")",2015-01-11,Merged,755,128,3,,1
Added OpenLoader EEPROM flasher,2014-12-16,Merged,744,165,1,lua ,4
Added incredibly important text to oppm.lua,2014-12-14,Merged,740,1,1,,1
Update fr_FR.lang,2014-12-14,Merged,734,126,10,,0
Update fr_FR.lang,2014-12-11,Merged,732,45,1,,1
Updated Processor Texture Tiers,2014-12-11,Closed,729,0,0,,1
Added New textures for Processors,2014-12-11,Closed,728,0,0,,0
Update fr_FR.lang,2014-12-11,Merged,726,67,11,,1
Add new tools to Network floppy,2014-12-09,Merged,721,186,15,,6
Changed origin of names,2014-12-09,Closed,720,6,5,,1
Typo.,2014-12-08,Merged,717,1,1,,1
Update InternetCard.scala,2014-12-02,Merged,708,2,2,,1
Update DriverPeripheral.java,2014-11-30,Merged,704,4,1,,1
Update robot.names,2014-11-18,Closed,678,1,0,,1
DebugCard: Support string item IDs,2014-11-18,Merged,677,5,2,,1
Add network loot disk,2014-11-18,Merged,676,"1,065",3,,3
Add requested install features,2014-11-16,Merged,674,17,11,,1
Update oppm.lua again.,2014-11-14,Merged,671,1,1,,1
Update oppm.lua to make it install itself from loot disk,2014-11-13,Merged,667,77,13,,1
Fixed recipes for StargateTech2,2014-11-10,Merged,660,4,4,,2
Added Sangar and Notch,2014-11-01,Closed,642,2,0,,1
Update fr_FR.lang,2014-11-07,Closed,640,244,55,,0
Added Watson to robot names list,2014-10-31,Merged,638,1,0,,1
Added italian translation,2014-10-29,Merged,635,327,0,,0
Italian Translation,2014-10-29,Closed,629,327,0,,0
Obligatory update to OPPM before next release,2014-10-26,Merged,627,5,4,,1
Added rc scripts system,2014-10-24,Merged,624,97,0,cfg ,5
Fixed doc in Tablet.scala,2014-10-17,Merged,602,1,1,,1
Update zh_CN.lang,2014-10-12,Merged,598,2,1,,1
Update zh_TW.lang,2014-10-09,Merged,594,21,5,,1
Update fr_FR.lang,2014-10-07,Merged,593,2,2,,1
Update motd,2014-10-04,Closed,589,1,1,,1
Update zh_CN.lang,2014-10-02,Merged,585,4,0,,1
ChunkLoader Upgrade now loads a 3x3 chunk area centered on the robot.,2014-09-28,Merged,580,11,5,,1
Update DebugCard.scala,2014-09-18,Merged,572,4,4,,1
Update zh_CN.lang,2014-09-17,Merged,569,3,1,,1
Added hologram projection offset,2014-09-10,Merged,558,41,2,,5
Update robot.names,2014-09-09,Merged,554,3,0,,1
Update robot.names,2014-09-09,Closed,553,3,0,,1
Added hologram projection offset,2014-09-08,Closed,548,43,4,,5
Update zh_CN.lang,2014-09-02,Merged,531,3,2,,1
Update zh_CN.lang,2014-09-02,Closed,530,3,2,,1
Fixed a few small typos.,2014-09-01,Merged,528,2,2,,1
Added a few Doctor Who robot names,2014-08-27,Merged,519,2,0,,1
Update zh_CN.lang,2014-08-26,Merged,516,202,60,,0
Update robot.names,2014-08-26,Merged,515,52,0,,1
Update robot.names,2014-08-20,Merged,506,2,0,,1
space space I wanna go to space,2014-08-18,Merged,500,3,0,,1
"Add edit features: Find, Delete-Line",2014-08-22,Merged,499,108,5,,1
Make init.lua do exact component matching,2014-08-16,Merged,497,1,1,,1
Add OpenLoader Loot disk,2014-08-18,Merged,495,143,0,lua osprop properties ,4
"Add loot disk ""parallel""",2014-08-19,Closed,490,"1,044",0,demonstration dig examples exit getAlarm getAnswer getFilter getName getThread getThreads kill manager pause properties setAlarm setAnswer setFilter setName ,19
Yet another OPPM update,2014-08-14,Merged,487,25,19,,1
transfer hologramMaxScaleByTier to the config file,2014-08-14,Merged,486,19,4,scala ,3
Update greetings.txt,2014-08-07,Merged,468,2,1,,0
Shell autocompletion,2014-08-08,Merged,466,113,9,,2
Update ru_RU.lang,2014-08-02,Merged,461,23,10,,1
Update zh_TW.lang,2014-07-30,Merged,446,91,9,,1
Update zh_TW.lang,2014-07-30,Closed,445,85,3,,1
Added settings to disable sandboxing,2014-07-24,Closed,430,105,21,so lua scala ,8
Weak Table fix,2014-07-23,Merged,428,26,7,,3
Textures,2014-08-26,Closed,426,0,0,,0
Update irc.lua,2014-07-21,Merged,423,69,19,,1
Update oppm.lua,2014-07-19,Merged,418,25,7,,1
Update ls.lua,2014-07-21,Merged,417,31,3,,1
Update df.lua,2014-07-23,Merged,416,30,4,,1
Update ls.lua,2014-07-18,Closed,415,7,3,,1
Update components.lua,2014-07-18,Merged,414,43,4,,1
Update sh.lua,2014-07-19,Closed,413,8,4,,1
Update shell.lua,2014-07-22,Closed,412,44,24,,1
Changing shell.parse so it can handle abit more,2014-07-17,Closed,408,44,24,,1
make openos perfer screens with keyboards attached.,2014-07-14,Merged,407,6,1,,1
Make boot loader prefer screens with keyboards attached,2014-07-14,Merged,406,8,1,,1
Fix various things,2014-07-14,Merged,405,"12,324","10,572",,1
Fix math.random,2014-07-13,Merged,399,5,5,,1
Create go.lua to make robots move via the shell,2014-07-14,Merged,398,47,0,,1
Fix some more bugs with string.format,2014-07-11,Merged,392,99,17,,1
Add some more functionality to string.format,2014-07-11,Merged,391,47,4,,1
Made cp overwrite without notice.,2014-07-15,Closed,384,5,4,,1
Fix More LuaJ things.,2014-07-08,Merged,383,11,5,,2
Make two error messages more useful,2014-07-08,Merged,381,2,2,,1
Error on invalid escape sequences,2014-07-08,Merged,380,105,103,,1
Fix string.rep crashing,2014-07-08,Merged,379,1,1,,1
Make io.read() support support not breaking,2014-07-06,Merged,377,5,5,,2
Update ru_RU.lang,2014-07-06,Merged,376,14,2,,1
Be consistent. (Updated de_DE.lang and fixed en_US),2014-07-06,Merged,374,4,4,,2
Added Upgradable Switches - #331,2014-07-15,Merged,373,121,7,lang scala ,12
Adds support for the environment variable _,2014-07-05,Merged,372,4,2,,1
Fix some LuaJ bugs,2014-07-05,Merged,371,13,15,,2
Fix for #338 - FS now supports case sensitivety,2014-07-04,Merged,370,68,5,scala ,3
Update greetings.txt,2014-06-26,Merged,361,2,1,,0
Update install.lua,2014-06-25,Closed,358,2,2,,1
Made more.lua command accept more keys,2014-06-26,Merged,356,31,18,,1
Made ls display amount of dirs/files,2014-07-02,Merged,342,4,0,,1
Made Disk Drives react to right clicks.,2014-06-19,Merged,339,18,3,scala ,2
Made history longer,2014-06-18,Merged,334,3,2,,2
Created oppm.lua,2014-06-16,Merged,330,485,0,cfg ,2
Added maze.man,2014-06-15,Merged,326,29,0,,1
Small fix to the error output,2014-06-15,Merged,325,4,6,,1
Update loot.properties,2014-06-14,Merged,318,2,1,,1
Dynamic Maze Generator,2014-06-14,Merged,317,294,0,,1
Added new dylibs for mac,2014-06-11,Merged,313,0,0,,2
Made dataBuffer be common for all holograms. Also thoughts about hologram memory usage.,2014-06-10,Merged,311,25,13,,1
"Typo Wars, Episode V",2014-06-10,Merged,310,8,8,,1
Update ru_RU.lang,2014-06-09,Merged,308,128,85,,0
Allow installation on 1 Tier1 memory,2014-06-09,Merged,306,5,2,,1
Fixes #31 for 1.2.12 (I guess it's time for 1.2.13),2014-06-11,Closed,305,27,52,,1
Fixes #31 for current 1.3 upstream.,2014-06-09,Merged,304,26,52,,1
Updated the mod ID of gregtech,2014-06-09,Merged,303,1,1,,1
Added functionality to robots to allow item sorting,2014-06-08,Closed,299,49,9,scala ,2
VBO hologram renderer,2014-06-10,Merged,294,227,105,scala ,4
Update robot.names,2014-06-02,Merged,282,4,0,,1
Recursive conversion with Converters. Circural reference protection and ...,2014-06-01,Closed,278,58,39,,1
Update default.recipes,2014-05-29,Closed,277,3,3,,1
Updated irc.lua; change the output of required....,2014-05-15,Merged,255,2,2,,1
Add support for ComputerCraft Events,2014-05-15,Closed,254,2,0,,1
fixes #249,2014-05-07,Merged,250,2,2,,1
lua now displays return values,2014-05-15,Closed,248,110,1,man properties ,4
Fix a typo in the usage summary,2014-05-05,Merged,246,2,2,,1
Created note API,2014-04-30,Merged,243,126,0,,1
Further improved irc.lua,2014-04-29,Merged,240,27,15,,1
Merge pull request #1 from MightyPirates/master,2014-04-27,Closed,239,0,0,,0
"Modify option parsing to ignore - and --, add support for equal sign",2014-04-25,Merged,233,8,4,,2
Small fixes to make besh work again,2014-04-24,Merged,232,4,2,,1
Update irc.lua,2014-04-24,Merged,229,7,0,,1
Added a couple names to robot.names,2014-04-17,Merged,213,2,0,,1
allow system to catch too long without yielding,2014-04-17,Merged,211,7,1,,1
Because German. And punctuations.,2014-04-08,Merged,203,5,5,,1
Update ru_RU.lang,2014-04-06,Merged,201,5,0,,1
Block Placer for air block upgrade,2014-04-05,Merged,200,72,3,scala ,7
Update ru_RU.lang,2014-04-03,Merged,196,65,57,,0
"Added :gsub(""\\\n"",""\\n"") to string serialization",2014-04-03,Merged,195,2,2,,1
Added more names to robot.names,2014-03-22,Merged,169,3,0,,1
An important one.,2014-03-22,Merged,168,1,0,,1
Added some pionering robots to the list,2014-03-10,Merged,158,13,0,,1
Update robot.names,2014-03-10,Merged,157,4,1,,1
"Added 23 Numerics, and CTCP support.",2014-03-09,Merged,154,64,4,,1
Fixed forum link,2014-03-09,Merged,153,1,1,,0
"All; the. punctionation,-.,-'''<^ (Updated de_DE.lang)",2014-03-09,Merged,152,1,1,,1
Added gradle wrapper and dev+api artifacts.,2014-03-06,Merged,147,281,3,jar properties gradlew bat ,5
Better variable expansion in besh,2014-03-03,Merged,146,166,45,,1
Update refuel.lua,2014-02-28,Merged,143,20,3,,1
Update refuel.lua,2014-02-28,Merged,142,38,1,,1
Update de_DE.lang,2014-02-28,Merged,141,1,1,,1
Added $EDITOR and $TERM,2014-02-28,Merged,140,6,1,,2
Mc1.7,2014-02-23,Closed,134,"1,648","1,352",java html scala ,168
Added positional parameters groundwork,2014-02-22,Merged,130,19,6,,2
Given the shell some love.,2014-02-18,Merged,123,29,1,,3
Create zh_TW.lang,2014-02-14,Merged,117,171,0,,1
Update ru_RU.lang,2014-02-12,Merged,116,2,2,,1
Added Russian localization.,2014-02-11,Merged,115,170,0,,1
debug.traceback,2014-01-28,Merged,105,4,1,,1
improved capacitor textures,2014-01-27,Merged,104,0,0,,2
improved capacitor textures,2014-01-27,Closed,103,0,0,,2
Fixed package module to propagate erros from loading module,2014-01-27,Merged,102,6,1,,1
Update pastebin.lua,2014-01-26,Merged,101,126,12,,1
"Well, this is German grammar! (Updated de_DE.lang)",2014-01-26,Merged,100,1,1,,1
Update shell.lua,2014-01-26,Merged,99,1,0,,1
Updated de_DE.lang,2014-01-25,Merged,97,4,4,,2
More commas into de_DE.lang,2014-01-25,Merged,95,9,9,,1
serializer in lua and change in event dispatch,2014-01-24,Merged,93,32,12,,3
Merge MightyPirates/master,2014-01-23,Closed,89,0,0,,0
Updated site URL,2014-01-20,Merged,86,3,3,,0
Added package module to /lib,2014-01-18,Merged,83,87,0,,1
French translation update,2014-01-08,Merged,73,5,5,,1
Create fr_FR.lang,2014-01-07,Merged,71,123,0,,1
Added pt_PT translation,2014-01-06,Merged,66,135,0,,1
Update zh_CN.lang,2014-01-04,Merged,56,1,0,,1
Some improvements to de_DE.lang,2014-01-02,Merged,47,38,32,,1
Attempted Late-Night fix for edit.lua (Issue #39),2013-12-31,Closed,43,5,2,,1
Create zh_CN.lang,2013-12-16,Merged,1,119,0,,1
